Ship/Navire,Date(GMT),Longitude,Latitude,Deph/Profondeur(m),Temperature/Température(ºC),Salinity/Salinité
CICERO,1999-12-03 03:00:00,-52.59220,47.51580,3.0,3.30,31.40
CICERO,1999-12-03 03:10:00,-52.60380,47.46970,3.0,3.66,31.34
CICERO,1999-12-03 03:20:00,-52.62170,47.42380,3.0,3.79,31.27
CICERO,1999-12-03 03:30:00,-52.64120,47.37830,3.0,3.48,31.37
CICERO,1999-12-03 03:40:00,-52.65920,47.33170,3.0,3.00,31.50
CICERO,1999-12-03 03:50:00,-52.67650,47.28520,3.0,3.13,31.47
CICERO,1999-12-03 04:00:00,-52.69530,47.23870,3.0,3.00,31.50
CICERO,1999-12-03 04:10:00,-52.71670,47.19270,3.0,3.04,31.50
CICERO,1999-12-03 04:20:00,-52.73880,47.14620,3.0,3.11,31.48
CICERO,1999-12-03 04:30:00,-52.76080,47.09950,3.0,3.10,31.48
CICERO,1999-12-03 04:40:00,-52.78300,47.05300,3.0,3.10,31.48
CICERO,1999-12-03 04:50:00,-52.80380,47.00600,3.0,2.99,31.50
CICERO,1999-12-03 05:00:00,-52.82600,46.95850,3.0,2.94,31.53
CICERO,1999-12-03 05:10:00,-52.84680,46.91070,3.0,2.98,31.49
CICERO,1999-12-03 05:20:00,-52.86730,46.86380,3.0,3.30,31.46
CICERO,1999-12-03 05:30:00,-52.88850,46.81750,3.0,3.23,31.49
CICERO,1999-12-03 05:40:00,-52.90930,46.77170,3.0,3.34,31.45
CICERO,1999-12-03 05:50:00,-52.94620,46.73150,3.0,3.40,31.43
CICERO,1999-12-03 06:00:00,-52.98330,46.69280,3.0,3.35,31.44
CICERO,1999-12-03 06:10:00,-53.02130,46.65350,3.0,3.39,31.44
CICERO,1999-12-03 06:20:00,-53.06350,46.61780,3.0,3.41,31.45
CICERO,1999-12-03 06:30:00,-53.11720,46.58950,3.0,3.44,31.42
CICERO,1999-12-03 06:40:00,-53.17530,46.56900,3.0,3.44,31.45
CICERO,1999-12-03 06:50:00,-53.24250,46.56200,3.0,3.50,31.45
CICERO,1999-12-03 07:00:00,-53.31100,46.55500,3.0,3.44,31.47
CICERO,1999-12-03 07:10:00,-53.37900,46.54770,3.0,3.38,31.53
CICERO,1999-12-03 07:20:00,-53.44580,46.54020,3.0,3.32,31.55
CICERO,1999-12-03 07:30:00,-53.51430,46.53250,3.0,3.40,31.57
CICERO,1999-12-03 07:40:00,-53.58300,46.53030,3.0,3.69,31.47
CICERO,1999-12-03 07:50:00,-53.65270,46.53450,3.0,4.19,31.39
CICERO,1999-12-03 08:00:00,-53.72230,46.53920,3.0,4.21,31.39
CICERO,1999-12-03 08:10:00,-53.79150,46.54370,3.0,4.15,31.42
CICERO,1999-12-03 08:20:00,-53.85970,46.54780,3.0,4.35,31.37
CICERO,1999-12-03 08:30:00,-53.92830,46.55150,3.0,4.32,31.38
CICERO,1999-12-03 08:40:00,-53.99620,46.55470,3.0,4.17,31.41
CICERO,1999-12-03 08:50:00,-54.06400,46.55770,3.0,4.21,31.40
CICERO,1999-12-03 09:00:00,-54.13170,46.56070,3.0,4.29,31.38
CICERO,1999-12-03 09:10:00,-54.19950,46.56420,3.0,4.29,31.36
CICERO,1999-12-03 09:20:00,-54.26680,46.56770,3.0,4.27,31.37
CICERO,1999-12-03 09:30:00,-54.33420,46.57120,3.0,4.28,31.48
CICERO,1999-12-03 09:40:00,-54.40150,46.57480,3.0,4.11,31.45
CICERO,1999-12-03 09:50:00,-54.46970,46.58030,3.0,4.34,31.37
CICERO,1999-12-03 10:00:00,-54.53730,46.58620,3.0,4.08,31.43
CICERO,1999-12-03 10:10:00,-54.60550,46.59070,3.0,4.41,31.49
CICERO,1999-12-03 10:20:00,-54.67350,46.59470,3.0,4.92,31.58
CICERO,1999-12-03 10:30:00,-54.74130,46.59770,3.0,4.19,31.42
CICERO,1999-12-03 10:40:00,-54.80920,46.60070,3.0,4.23,31.40
CICERO,1999-12-03 10:50:00,-54.87800,46.60370,3.0,4.60,31.43
CICERO,1999-12-03 11:00:00,-54.94630,46.60620,3.0,4.54,31.44
CICERO,1999-12-03 11:10:00,-55.01480,46.60850,3.0,4.52,31.42
CICERO,1999-12-03 11:20:00,-55.08350,46.61220,3.0,4.42,31.42
CICERO,1999-12-03 11:30:00,-55.15220,46.61600,3.0,4.40,31.43
CICERO,1999-12-03 11:40:00,-55.22130,46.61980,3.0,4.35,31.43
CICERO,1999-12-03 11:50:00,-55.29080,46.62370,3.0,4.46,31.44
CICERO,1999-12-03 12:00:00,-55.36020,46.62770,3.0,4.42,31.44
CICERO,1999-12-03 12:10:00,-55.43020,46.63200,3.0,4.42,31.43
CICERO,1999-12-03 12:20:00,-55.50020,46.63650,3.0,4.39,31.45
CICERO,1999-12-03 12:30:00,-55.56970,46.64080,3.0,4.59,31.47
CICERO,1999-12-03 12:40:00,-55.63920,46.64500,3.0,4.61,31.47
CICERO,1999-12-03 12:50:00,-55.70830,46.64880,3.0,4.64,31.51
CICERO,1999-12-03 13:00:00,-55.77730,46.65220,3.0,4.67,31.50
CICERO,1999-12-03 13:10:00,-55.84650,46.65550,3.0,4.71,31.49
CICERO,1999-12-03 13:20:00,-55.91670,46.65900,3.0,4.75,31.48
CICERO,1999-12-03 13:30:00,-55.98720,46.66270,3.0,4.58,31.43
CICERO,1999-12-03 13:40:00,-56.05730,46.66670,3.0,4.62,31.43
CICERO,1999-12-03 13:50:00,-56.12780,46.67050,3.0,4.79,31.47
CICERO,1999-12-03 14:00:00,-56.19770,46.67450,3.0,4.72,31.44
CICERO,1999-12-03 14:10:00,-56.26750,46.67870,3.0,4.58,31.43
CICERO,1999-12-03 14:20:00,-56.33320,46.69170,3.0,4.53,31.42
CICERO,1999-12-03 14:30:00,-56.39470,46.71620,3.0,4.44,31.40
CICERO,1999-12-03 14:40:00,-56.45620,46.74100,3.0,4.47,31.38
CICERO,1999-12-03 14:50:00,-56.51850,46.76650,3.0,4.66,31.44
CICERO,1999-12-03 15:00:00,-56.58050,46.79180,3.0,5.32,31.78
CICERO,1999-12-03 15:10:00,-56.64170,46.81650,3.0,5.65,32.07
CICERO,1999-12-03 15:20:00,-56.70270,46.84080,3.0,5.63,32.08
CICERO,1999-12-03 15:30:00,-56.76300,46.86520,3.0,5.83,32.10
CICERO,1999-12-03 15:40:00,-56.82370,46.88930,3.0,5.87,32.11
CICERO,1999-12-03 15:50:00,-56.88400,46.91320,3.0,5.87,32.14
CICERO,1999-12-03 16:00:00,-56.94380,46.93750,3.0,5.76,32.14
CICERO,1999-12-03 16:10:00,-57.00380,46.96170,3.0,5.69,32.15
CICERO,1999-12-03 16:20:00,-57.06370,46.98600,3.0,6.01,32.15
CICERO,1999-12-03 16:30:00,-57.12380,47.01000,3.0,6.00,32.14
CICERO,1999-12-03 16:40:00,-57.18470,47.03400,3.0,6.04,32.15
CICERO,1999-12-03 16:50:00,-57.24500,47.05820,3.0,5.97,32.15
CICERO,1999-12-03 17:00:00,-57.30520,47.08220,3.0,5.68,32.13
CICERO,1999-12-03 17:10:00,-57.36580,47.10700,3.0,5.13,32.05
CICERO,1999-12-03 17:20:00,-57.42670,47.13180,3.0,5.20,32.11
CICERO,1999-12-03 17:30:00,-57.48720,47.15620,3.0,5.54,32.16
CICERO,1999-12-03 17:40:00,-57.54730,47.18030,3.0,5.65,32.16
CICERO,1999-12-03 17:50:00,-57.60750,47.20480,3.0,5.61,32.14
CICERO,1999-12-03 18:00:00,-57.66730,47.22950,3.0,5.33,32.11
CICERO,1999-12-03 18:10:00,-57.72670,47.25400,3.0,5.27,32.12
CICERO,1999-12-03 18:20:00,-57.78620,47.27830,3.0,4.88,31.99
CICERO,1999-12-03 18:30:00,-57.84620,47.30250,3.0,4.84,31.94
CICERO,1999-12-03 18:40:00,-57.90720,47.32600,3.0,4.88,31.94
CICERO,1999-12-03 18:50:00,-57.96870,47.35020,3.0,4.86,31.95
CICERO,1999-12-03 19:00:00,-58.03200,47.37070,3.0,4.78,31.99
CICERO,1999-12-03 19:10:00,-58.09870,47.38650,3.0,4.83,32.02
CICERO,1999-12-03 19:20:00,-58.16620,47.40180,3.0,4.84,31.96
CICERO,1999-12-03 19:30:00,-58.23350,47.41750,3.0,4.88,31.86
CICERO,1999-12-03 19:40:00,-58.30320,47.42670,3.0,4.91,31.87
CICERO,1999-12-03 19:50:00,-58.37500,47.43380,3.0,4.87,31.85
CICERO,1999-12-03 20:00:00,-58.44750,47.44170,3.0,4.80,31.86
CICERO,1999-12-03 20:10:00,-58.51970,47.44920,3.0,4.84,31.88
CICERO,1999-12-03 20:20:00,-58.59170,47.45730,3.0,4.82,31.87
CICERO,1999-12-03 20:30:00,-58.66370,47.46400,3.0,4.90,31.86
CICERO,1999-12-03 20:40:00,-58.73500,47.46920,3.0,4.92,31.95
CICERO,1999-12-03 20:50:00,-58.80630,47.47300,3.0,4.90,31.99
CICERO,1999-12-03 21:00:00,-58.87850,47.47880,3.0,4.95,31.98
CICERO,1999-12-03 21:10:00,-58.95080,47.48630,3.0,4.93,31.98
CICERO,1999-12-03 21:20:00,-59.02380,47.49430,3.0,4.86,31.93
CICERO,1999-12-03 21:30:00,-59.09750,47.50380,3.0,4.92,31.90
CICERO,1999-12-03 21:40:00,-59.17000,47.51620,3.0,4.88,31.77
CICERO,1999-12-03 21:50:00,-59.23870,47.53230,3.0,4.84,31.58
CICERO,1999-12-03 22:00:00,-59.30350,47.54880,3.0,4.83,31.81
CICERO,1999-12-03 22:10:00,-59.36650,47.56650,3.0,4.89,31.79
CICERO,1999-12-03 22:20:00,-59.42630,47.58750,3.0,4.87,31.91
CICERO,1999-12-03 22:30:00,-59.48370,47.61000,3.0,4.89,31.93
CICERO,1999-12-03 22:40:00,-59.53980,47.63220,3.0,4.90,31.92
CICERO,1999-12-03 22:50:00,-59.59700,47.65480,3.0,4.86,31.90
CICERO,1999-12-03 23:00:00,-59.65480,47.67700,3.0,4.89,31.99
CICERO,1999-12-03 23:10:00,-59.71250,47.69800,3.0,4.85,32.08
CICERO,1999-12-03 23:20:00,-59.76970,47.71980,3.0,4.86,32.03
CICERO,1999-12-03 23:30:00,-59.82720,47.74180,3.0,4.83,32.02
CICERO,1999-12-03 23:40:00,-59.88480,47.76380,3.0,4.81,32.02
CICERO,1999-12-03 23:50:00,-59.94150,47.78600,3.0,4.73,32.01
CICERO,1999-12-04 00:00:00,-59.99850,47.80800,3.0,4.86,32.06
CICERO,1999-12-04 00:10:00,-60.05550,47.83000,3.0,4.24,31.61
CICERO,1999-12-04 00:20:00,-60.11120,47.85350,3.0,4.08,31.35
CICERO,1999-12-04 00:30:00,-60.16830,47.87680,3.0,4.05,31.36
CICERO,1999-12-04 00:40:00,-60.22550,47.90020,3.0,4.11,31.44
CICERO,1999-12-04 00:50:00,-60.28420,47.92280,3.0,4.17,31.52
CICERO,1999-12-04 01:00:00,-60.34430,47.94550,3.0,4.24,31.62
CICERO,1999-12-04 01:10:00,-60.40520,47.96720,3.0,4.08,31.35
CICERO,1999-12-04 01:20:00,-60.46450,47.98920,3.0,3.81,31.22
CICERO,1999-12-04 01:30:00,-60.52370,48.01180,3.0,3.92,31.05
CICERO,1999-12-04 01:40:00,-60.58180,48.03500,3.0,4.01,31.01
CICERO,1999-12-04 01:50:00,-60.63950,48.05870,3.0,3.99,31.02
CICERO,1999-12-04 02:00:00,-60.69670,48.08280,3.0,3.80,31.09
CICERO,1999-12-04 02:10:00,-60.75370,48.10720,3.0,3.92,31.04
CICERO,1999-12-04 02:20:00,-60.80920,48.13180,3.0,3.88,31.07
CICERO,1999-12-04 02:30:00,-60.86480,48.15670,3.0,3.83,31.07
CICERO,1999-12-04 02:40:00,-60.92070,48.18150,3.0,3.65,31.07
CICERO,1999-12-04 02:50:00,-60.97700,48.20620,3.0,3.39,31.09
CICERO,1999-12-04 03:00:00,-61.03400,48.23030,3.0,3.50,31.11
CICERO,1999-12-04 03:10:00,-61.09120,48.25470,3.0,3.76,31.09
CICERO,1999-12-04 03:20:00,-61.14980,48.27830,3.0,3.77,31.09
CICERO,1999-12-04 03:30:00,-61.21080,48.29980,3.0,3.71,31.10
CICERO,1999-12-04 03:40:00,-61.27220,48.32170,3.0,3.48,31.15
CICERO,1999-12-04 03:50:00,-61.33370,48.34350,3.0,3.42,31.16
CICERO,1999-12-04 04:00:00,-61.39470,48.36550,3.0,3.22,31.19
CICERO,1999-12-04 04:10:00,-61.45550,48.38780,3.0,3.27,31.27
CICERO,1999-12-04 04:20:00,-61.51630,48.41020,3.0,3.27,31.29
CICERO,1999-12-04 04:30:00,-61.57730,48.43230,3.0,3.21,31.18
CICERO,1999-12-04 04:40:00,-61.63900,48.45420,3.0,3.23,31.16
CICERO,1999-12-04 04:50:00,-61.70050,48.47600,3.0,3.25,31.19
CICERO,1999-12-04 05:00:00,-61.76130,48.49770,3.0,3.23,31.15
CICERO,1999-12-04 05:10:00,-61.82230,48.51970,3.0,3.36,31.16
CICERO,1999-12-04 05:20:00,-61.88300,48.54250,3.0,3.38,31.17
CICERO,1999-12-04 05:30:00,-61.94400,48.56530,3.0,3.19,31.27
CICERO,1999-12-04 05:40:00,-62.00550,48.58800,3.0,3.21,31.41
CICERO,1999-12-04 05:50:00,-62.06680,48.61050,3.0,3.22,31.42
CICERO,1999-12-04 06:00:00,-62.12800,48.63280,3.0,3.20,31.42
CICERO,1999-12-04 06:10:00,-62.18920,48.65520,3.0,2.84,31.36
CICERO,1999-12-04 06:20:00,-62.24980,48.67780,3.0,2.83,31.36
CICERO,1999-12-04 06:30:00,-62.30980,48.69980,3.0,3.08,31.19
CICERO,1999-12-04 06:40:00,-62.36930,48.72230,3.0,2.83,30.93
CICERO,1999-12-04 06:50:00,-62.42850,48.74470,3.0,2.74,30.83
CICERO,1999-12-04 07:00:00,-62.48880,48.76720,3.0,2.80,30.93
CICERO,1999-12-04 07:10:00,-62.54920,48.78950,3.0,2.84,30.95
CICERO,1999-12-04 07:20:00,-62.61050,48.81180,3.0,2.89,30.98
CICERO,1999-12-04 07:30:00,-62.67280,48.83470,3.0,2.90,31.02
CICERO,1999-12-04 07:40:00,-62.73530,48.85800,3.0,3.00,31.30
CICERO,1999-12-04 07:50:00,-62.79720,48.88100,3.0,2.73,31.34
CICERO,1999-12-04 08:00:00,-62.85880,48.90400,3.0,2.67,31.36
CICERO,1999-12-04 08:10:00,-62.92080,48.92650,3.0,2.55,31.31
CICERO,1999-12-04 08:20:00,-62.98170,48.95070,3.0,2.80,31.28
CICERO,1999-12-04 08:30:00,-63.04170,48.97530,3.0,2.78,31.28
CICERO,1999-12-04 08:40:00,-63.10130,48.99950,3.0,2.70,31.30
CICERO,1999-12-04 08:50:00,-63.16170,49.02320,3.0,2.94,31.24
CICERO,1999-12-04 09:00:00,-63.22400,49.04550,3.0,2.86,31.25
CICERO,1999-12-04 09:10:00,-63.28650,49.06780,3.0,2.91,31.27
CICERO,1999-12-04 09:20:00,-63.34920,49.08970,3.0,2.95,31.23
CICERO,1999-12-04 09:30:00,-63.41130,49.11170,3.0,2.80,31.29
CICERO,1999-12-04 09:40:00,-63.47300,49.13350,3.0,2.48,31.23
CICERO,1999-12-04 09:50:00,-63.53370,49.15600,3.0,2.42,31.22
CICERO,1999-12-04 10:00:00,-63.59500,49.17920,3.0,2.69,31.24
CICERO,1999-12-04 10:10:00,-63.65670,49.20250,3.0,2.58,31.19
CICERO,1999-12-04 10:20:00,-63.71780,49.22630,3.0,2.57,31.04
CICERO,1999-12-04 10:30:00,-63.77900,49.25020,3.0,2.60,31.15
CICERO,1999-12-04 10:40:00,-63.84050,49.27320,3.0,2.59,31.13
CICERO,1999-12-04 10:50:00,-63.90220,49.29570,3.0,2.51,31.13
CICERO,1999-12-04 11:00:00,-63.96550,49.31470,3.0,2.38,31.22
CICERO,1999-12-04 11:10:00,-64.02950,49.33500,3.0,2.40,31.04
CICERO,1999-12-04 11:20:00,-64.09430,49.35570,3.0,1.71,30.66
CICERO,1999-12-04 11:30:00,-64.16500,49.36600,3.0,1.85,30.57
CICERO,1999-12-04 11:40:00,-64.23780,49.37250,3.0,1.75,30.61
CICERO,1999-12-04 11:50:00,-64.30880,49.37880,3.0,1.56,30.96
CICERO,1999-12-04 12:00:00,-64.37980,49.38450,3.0,1.50,31.08
CICERO,1999-12-04 12:10:00,-64.45080,49.38880,3.0,1.50,31.02
CICERO,1999-12-04 12:20:00,-64.52180,49.39280,3.0,1.41,31.17
CICERO,1999-12-04 12:30:00,-64.59300,49.39720,3.0,1.54,31.32
CICERO,1999-12-04 12:40:00,-64.66370,49.40130,3.0,1.50,31.16
CICERO,1999-12-04 12:50:00,-64.73420,49.40530,3.0,1.46,31.41
CICERO,1999-12-04 13:00:00,-64.80470,49.40930,3.0,1.46,31.32
CICERO,1999-12-04 13:10:00,-64.87530,49.41350,3.0,1.37,31.28
CICERO,1999-12-04 13:20:00,-64.94600,49.41670,3.0,1.51,31.53
CICERO,1999-12-04 13:30:00,-65.01650,49.41900,3.0,1.81,31.39
CICERO,1999-12-04 13:40:00,-65.08730,49.42170,3.0,1.79,31.32
CICERO,1999-12-04 13:50:00,-65.15770,49.42450,3.0,1.75,31.32
CICERO,1999-12-04 14:00:00,-65.22730,49.42730,3.0,1.72,31.36
CICERO,1999-12-04 14:10:00,-65.29570,49.43180,3.0,1.36,31.21
CICERO,1999-12-04 14:20:00,-65.36370,49.43600,3.0,1.28,31.30
CICERO,1999-12-04 14:30:00,-65.43180,49.43970,3.0,1.26,31.38
CICERO,1999-12-04 14:40:00,-65.49930,49.44470,3.0,1.24,31.45
CICERO,1999-12-04 14:50:00,-65.56620,49.45050,3.0,1.71,31.51
CICERO,1999-12-04 15:00:00,-65.63280,49.45570,3.0,1.58,31.54
CICERO,1999-12-04 15:10:00,-65.70020,49.46130,3.0,1.63,31.43
CICERO,1999-12-04 15:20:00,-65.76880,49.46550,3.0,1.59,31.56
CICERO,1999-12-04 15:30:00,-65.83850,49.46480,3.0,1.24,31.56
CICERO,1999-12-04 15:40:00,-65.90800,49.45970,3.0,1.23,31.60
CICERO,1999-12-04 15:50:00,-65.97720,49.45330,3.0,1.43,31.52
CICERO,1999-12-04 16:00:00,-66.04620,49.44570,3.0,1.39,31.52
CICERO,1999-12-04 16:10:00,-66.11550,49.43780,3.0,1.36,31.55
CICERO,1999-12-04 16:20:00,-66.18450,49.42980,3.0,1.25,31.55
CICERO,1999-12-04 16:30:00,-66.25330,49.42070,3.0,1.21,31.62
CICERO,1999-12-04 16:40:00,-66.32200,49.41080,3.0,1.21,31.58
CICERO,1999-12-04 16:50:00,-66.39030,49.39820,3.0,1.23,31.59
CICERO,1999-12-04 17:00:00,-66.45880,49.38450,3.0,1.19,31.58
CICERO,1999-12-04 17:10:00,-66.52750,49.37070,3.0,1.20,31.56
CICERO,1999-12-04 17:20:00,-66.59630,49.35650,3.0,1.25,31.53
CICERO,1999-12-04 17:30:00,-66.66500,49.34250,3.0,1.31,31.51
CICERO,1999-12-04 17:40:00,-66.73400,49.32850,3.0,1.22,31.55
CICERO,1999-12-04 17:50:00,-66.80150,49.31400,3.0,1.42,31.40
CICERO,1999-12-04 18:00:00,-66.86830,49.29970,3.0,1.76,31.39
CICERO,1999-12-04 18:10:00,-66.93250,49.28480,3.0,1.52,30.71
CICERO,1999-12-04 18:20:00,-66.99720,49.27280,3.0,1.91,28.85
CICERO,1999-12-04 18:30:00,-67.06400,49.26270,3.0,1.88,28.55
CICERO,1999-12-04 18:40:00,-67.13250,49.25270,3.0,1.41,28.09
CICERO,1999-12-04 18:50:00,-67.20200,49.24300,3.0,1.20,27.54
CICERO,1999-12-04 19:00:00,-67.27200,49.23220,3.0,1.02,27.30
CICERO,1999-12-04 19:10:00,-67.34220,49.21950,3.0,0.91,27.15
CICERO,1999-12-04 19:20:00,-67.40700,49.19900,3.0,0.86,27.26
CICERO,1999-12-04 19:30:00,-67.47270,49.17700,3.0,0.76,27.75
CICERO,1999-12-04 19:40:00,-67.53450,49.15050,3.0,0.92,28.97
CICERO,1999-12-04 19:50:00,-67.59520,49.12350,3.0,0.88,29.02
CICERO,1999-12-04 20:00:00,-67.65550,49.09750,3.0,0.32,27.69
CICERO,1999-12-04 20:10:00,-67.71520,49.07080,3.0,0.38,28.00
CICERO,1999-12-04 20:20:00,-67.77630,49.04520,3.0,1.07,27.80
CICERO,1999-12-04 20:30:00,-67.83670,49.02100,3.0,0.90,28.61
CICERO,1999-12-04 20:40:00,-67.89770,48.99700,3.0,0.71,28.41
CICERO,1999-12-04 20:50:00,-67.95700,48.97180,3.0,1.00,27.86
CICERO,1999-12-04 21:00:00,-68.01630,48.94680,3.0,0.61,27.12
CICERO,1999-12-04 21:10:00,-68.07700,48.92230,3.0,0.81,27.15
CICERO,1999-12-04 21:20:00,-68.13700,48.89770,3.0,0.70,27.24
CICERO,1999-12-04 21:30:00,-68.19600,48.87180,3.0,0.80,27.67
CICERO,1999-12-04 21:40:00,-68.25520,48.84550,3.0,0.60,27.01
CICERO,1999-12-04 21:50:00,-68.31480,48.81920,3.0,0.60,27.24
CICERO,1999-12-04 22:00:00,-68.37320,48.79230,3.0,0.56,27.45
CICERO,1999-12-04 22:10:00,-68.43270,48.76600,3.0,0.56,27.09
CICERO,1999-12-04 22:20:00,-68.49400,48.74020,3.0,0.50,26.91
CICERO,1999-12-04 22:30:00,-68.55630,48.71430,3.0,0.59,27.31
CICERO,1999-12-04 22:40:00,-68.61830,48.68970,3.0,0.84,26.93
CICERO,1999-12-04 22:50:00,-68.67780,48.66550,3.0,1.07,27.58
CICERO,1999-12-04 23:00:00,-68.73450,48.64080,3.0,1.18,27.06
CICERO,1999-12-04 23:10:00,-68.78900,48.61500,3.0,0.89,27.11
CICERO,1999-12-04 23:20:00,-68.84420,48.58870,3.0,0.65,28.05
CICERO,1999-12-04 23:30:00,-68.90020,48.56450,3.0,1.14,26.79
CICERO,1999-12-04 23:40:00,-68.95850,48.54050,3.0,1.02,27.38
CICERO,1999-12-04 23:50:00,-69.01770,48.51470,3.0,0.67,27.93
CICERO,1999-12-05 00:00:00,-69.07480,48.48480,3.0,1.30,27.00
CICERO,1999-12-05 00:10:00,-69.12980,48.45220,3.0,1.40,27.30
CICERO,1999-12-05 00:20:00,-69.18600,48.41900,3.0,1.37,27.48
CICERO,1999-12-05 00:30:00,-69.24170,48.38620,3.0,1.25,27.45
CICERO,1999-12-05 00:40:00,-69.29430,48.35380,3.0,1.29,27.62
CICERO,1999-12-05 00:50:00,-69.34670,48.32100,3.0,0.58,28.00
CICERO,1999-12-05 01:00:00,-69.39830,48.28780,3.0,0.91,27.68
CICERO,1999-12-05 01:10:00,-69.44600,48.25100,3.0,1.26,27.95
CICERO,1999-12-05 01:20:00,-69.48920,48.20950,3.0,1.14,28.26
CICERO,1999-12-05 01:30:00,-69.52980,48.17080,3.0,1.39,27.54
CICERO,1999-12-05 01:40:00,-69.56530,48.13250,3.0,1.61,27.26
CICERO,1999-12-05 01:50:00,-69.59480,48.08950,3.0,1.69,25.56
CICERO,1999-12-05 02:00:00,-69.63180,48.04250,3.0,1.54,23.18
CICERO,1999-12-05 02:10:00,-69.67470,48.00530,3.0,1.97,19.72
CICERO,1999-12-05 02:20:00,-69.71630,47.96770,3.0,1.98,20.38
CICERO,1999-12-05 02:30:00,-69.75530,47.92780,3.0,1.94,21.78
CICERO,1999-12-05 02:40:00,-69.79520,47.88750,3.0,1.88,20.86
CICERO,1999-12-05 02:50:00,-69.83130,47.84670,3.0,2.03,16.94
CICERO,1999-12-05 03:00:00,-69.86170,47.80430,3.0,2.08,18.32
CICERO,1999-12-05 03:10:00,-69.89380,47.76400,3.0,2.06,19.75
CICERO,1999-12-05 03:20:00,-69.93780,47.72700,3.0,2.09,18.34
CICERO,1999-12-05 03:30:00,-69.98570,47.69000,3.0,2.09,16.91
CICERO,1999-12-05 03:40:00,-70.03350,47.65200,3.0,2.14,17.99
CICERO,1999-12-05 03:50:00,-70.08350,47.61300,3.0,2.07,20.37
CICERO,1999-12-05 04:00:00,-70.13070,47.57350,3.0,2.17,19.31
CICERO,1999-12-05 04:10:00,-70.17230,47.53350,3.0,2.18,20.43
CICERO,1999-12-05 04:20:00,-70.21770,47.48820,3.0,2.16,19.68
CICERO,1999-12-05 04:30:00,-70.27700,47.45970,3.0,2.27,18.74
CICERO,1999-12-05 04:40:00,-70.34500,47.44220,3.0,2.33,17.48
CICERO,1999-12-05 04:50:00,-70.41900,47.42770,3.0,2.47,14.71
CICERO,1999-12-05 05:00:00,-70.46380,47.38650,3.0,2.59,12.34
CICERO,1999-12-05 05:10:00,-70.50220,47.33670,3.0,2.60,11.74
CICERO,1999-12-05 05:20:00,-70.53920,47.28570,3.0,2.60,11.65
CICERO,1999-12-05 05:30:00,-70.57900,47.23820,3.0,3.03,5.85
CICERO,1999-12-05 05:40:00,-70.62400,47.19330,3.0,3.17,4.56
CICERO,1999-12-05 05:50:00,-70.66800,47.14900,3.0,3.19,4.18
CICERO,1999-12-05 06:00:00,-70.70980,47.10300,3.0,3.25,3.77
CICERO,1999-12-05 06:10:00,-70.74200,47.05680,3.0,3.92,0.37
CICERO,1999-12-05 06:20:00,-70.78100,47.01630,3.0,4.12,0.10
CICERO,1999-12-05 06:30:00,-70.82320,46.97250,3.0,3.79,0.10
CICERO,1999-12-05 06:40:00,-70.86520,46.92880,3.0,3.61,0.10
CICERO,1999-12-05 06:50:00,-70.92020,46.89130,3.0,3.44,0.10
CICERO,1999-12-05 07:00:00,-70.98330,46.86180,3.0,3.32,0.10
CICERO,1999-12-05 07:10:00,-71.05730,46.84600,3.0,3.31,0.10
CICERO,1999-12-05 07:20:00,-71.13280,46.84170,3.0,3.29,0.10
CICERO,1999-12-05 07:30:00,-71.18800,46.82850,3.0,3.29,0.10
CICERO,1999-12-05 07:40:00,-71.20680,46.79550,3.0,3.30,0.10
CICERO,1999-12-05 07:50:00,-71.25980,46.75770,3.0,3.29,0.10
CICERO,1999-12-05 08:00:00,-71.33300,46.73550,3.0,3.38,0.10
CICERO,1999-12-05 08:10:00,-71.40600,46.71800,3.0,3.51,0.10
CICERO,1999-12-05 08:20:00,-71.48250,46.70650,3.0,3.67,0.10
CICERO,1999-12-05 08:30:00,-71.55180,46.68530,3.0,3.56,0.10
CICERO,1999-12-05 08:40:00,-71.62020,46.66230,3.0,3.64,0.10
CICERO,1999-12-05 08:50:00,-71.68720,46.64280,3.0,3.66,0.10
CICERO,1999-12-05 09:00:00,-71.75420,46.64720,3.0,3.61,0.10
CICERO,1999-12-05 09:10:00,-71.81550,46.66830,3.0,3.63,0.09
CICERO,1999-12-05 09:20:00,-71.87870,46.67580,3.0,3.83,0.10
CICERO,1999-12-05 09:30:00,-71.91750,46.64070,3.0,3.88,0.10
CICERO,1999-12-05 09:40:00,-71.96730,46.61380,3.0,3.75,0.09
CICERO,1999-12-05 09:50:00,-72.01630,46.58570,3.0,3.94,0.10
CICERO,1999-12-05 10:00:00,-72.06750,46.56550,3.0,4.13,0.11
CICERO,1999-12-05 10:10:00,-72.12080,46.56280,3.0,4.16,0.11
CICERO,1999-12-05 10:20:00,-72.16520,46.54230,3.0,4.19,0.11
CICERO,1999-12-05 10:30:00,-72.21150,46.52000,3.0,4.27,0.11
CICERO,1999-12-05 10:40:00,-72.23800,46.48450,3.0,4.30,0.11
CICERO,1999-12-05 10:50:00,-72.26300,46.44770,3.0,4.23,0.11
CICERO,1999-12-05 11:00:00,-72.31680,46.43800,3.0,3.85,0.09
CICERO,1999-12-05 11:10:00,-72.36550,46.42280,3.0,4.20,0.10
CICERO,1999-12-05 11:20:00,-72.40880,46.39620,3.0,3.81,0.09
CICERO,1999-12-05 11:30:00,-72.46000,46.37770,3.0,4.43,0.11
CICERO,1999-12-05 11:40:00,-72.50450,46.35530,3.0,4.46,0.12
CICERO,1999-12-05 11:50:00,-72.54450,46.32700,3.0,4.40,0.11
CICERO,1999-12-05 12:00:00,-72.57400,46.30030,3.0,4.28,0.10
CICERO,1999-12-05 12:10:00,-72.60480,46.28450,3.0,3.94,0.09
CICERO,1999-12-05 12:20:00,-72.65250,46.26300,3.0,4.73,0.12
CICERO,1999-12-05 12:30:00,-72.71120,46.26020,3.0,4.50,0.11
CICERO,1999-12-05 12:40:00,-72.76150,46.23750,3.0,4.62,0.11
CICERO,1999-12-05 12:50:00,-72.81170,46.21450,3.0,4.76,0.12
CICERO,1999-12-05 13:00:00,-72.86770,46.19830,3.0,4.79,0.12
CICERO,1999-12-05 13:10:00,-72.91900,46.17770,3.0,4.83,0.12
CICERO,1999-12-05 13:20:00,-72.95100,46.14370,3.0,4.87,0.12
CICERO,1999-12-05 13:30:00,-72.97420,46.10580,3.0,4.66,0.11
CICERO,1999-12-05 13:40:00,-73.01880,46.07930,3.0,5.08,0.13
CICERO,1999-12-05 13:50:00,-73.06980,46.06200,3.0,4.90,0.12
CICERO,1999-12-05 14:55:00,-73.24550,45.88350,3.0,5.24,0.13
CICERO,1999-12-05 15:05:00,-73.27380,45.84830,3.0,5.27,0.13
CICERO,1999-12-05 15:15:00,-73.31080,45.81670,3.0,5.27,0.12
CICERO,1999-12-05 15:25:00,-73.34900,45.78650,3.0,5.34,0.13
CICERO,1999-12-05 15:35:00,-73.38850,45.75880,3.0,5.39,0.13
CICERO,1999-12-05 15:45:00,-73.42230,45.72850,3.0,5.40,0.13
CICERO,1999-12-05 15:55:00,-73.44920,45.69630,3.0,5.45,0.13
CICERO,1999-12-05 16:05:00,-73.46650,45.66120,3.0,5.27,0.12
CICERO,1999-12-05 16:15:00,-73.48900,45.63070,3.0,5.30,0.12
CICERO,1999-12-24 13:00:06,-73.37680,45.76950,3.0,1.30,0.13
CICERO,1999-12-24 13:10:06,-73.32830,45.80200,3.0,1.27,0.13
CICERO,1999-12-24 13:20:06,-73.28600,45.83680,3.0,1.28,0.13
CICERO,1999-12-24 13:30:06,-73.25170,45.87600,3.0,1.24,0.13
CICERO,1999-12-24 13:40:06,-73.21400,45.91380,3.0,1.20,0.13
CICERO,1999-12-24 13:50:06,-73.20330,45.95950,3.0,1.14,0.13
CICERO,1999-12-24 14:00:06,-73.17680,46.00420,3.0,0.91,0.12
CICERO,1999-12-24 14:10:06,-73.15500,46.04430,3.0,0.45,0.11
CICERO,1999-12-24 14:20:06,-73.10330,46.05720,3.0,0.87,0.13
CICERO,1999-12-24 14:30:06,-73.03780,46.06830,3.0,0.85,0.12
CICERO,1999-12-24 14:40:06,-72.98380,46.09820,3.0,0.75,0.12
CICERO,1999-12-24 14:50:06,-72.95180,46.13920,3.0,0.77,0.12
CICERO,1999-12-24 15:00:06,-72.91820,46.17850,3.0,0.66,0.11
CICERO,1999-12-24 15:10:06,-72.85980,46.20050,3.0,0.62,0.11
CICERO,1999-12-24 15:20:06,-72.79920,46.21930,3.0,0.67,0.11
CICERO,1999-12-24 15:30:06,-72.74400,46.24530,3.0,0.63,0.11
CICERO,1999-12-24 15:40:06,-72.68400,46.26370,3.0,0.67,0.11
CICERO,1999-12-24 15:50:06,-72.62030,46.27420,3.0,0.60,0.11
CICERO,1999-12-24 16:00:06,-72.57650,46.29770,3.0,0.40,0.12
CICERO,1999-12-24 16:10:06,-72.54780,46.32320,3.0,0.48,0.11
CICERO,1999-12-24 16:20:07,-72.50220,46.35700,3.0,0.33,0.12
CICERO,1999-12-24 16:30:07,-72.44550,46.38000,3.0,0.42,0.11
CICERO,1999-12-24 16:40:07,-72.39130,46.40680,3.0,0.44,0.11
CICERO,1999-12-24 16:50:07,-72.33750,46.43620,3.0,0.42,0.10
CICERO,1999-12-24 17:00:07,-72.26850,46.44330,3.0,0.38,0.10
CICERO,1999-12-24 17:10:07,-72.23680,46.48600,3.0,0.44,0.10
CICERO,1999-12-24 17:20:07,-72.19900,46.52520,3.0,0.35,0.11
CICERO,1999-12-24 17:30:07,-72.14230,46.55550,3.0,0.15,0.11
CICERO,1999-12-24 17:40:07,-72.07070,46.56500,3.0,0.35,0.11
CICERO,1999-12-24 17:50:07,-72.00470,46.59050,3.0,0.38,0.10
CICERO,1999-12-24 18:00:07,-71.94570,46.62400,3.0,0.27,0.11
CICERO,1999-12-24 18:10:07,-71.89000,46.66450,3.0,0.15,0.11
CICERO,1999-12-24 18:20:07,-71.82500,46.67180,3.0,0.24,0.10
CICERO,1999-12-24 18:30:07,-71.75820,46.64850,3.0,0.25,0.10
CICERO,1999-12-24 18:40:07,-71.68900,46.64180,3.0,0.23,0.10
CICERO,1999-12-24 18:50:07,-71.61830,46.66200,3.0,0.13,0.11
CICERO,1999-12-24 19:00:07,-71.54920,46.68600,3.0,0.13,0.11
CICERO,1999-12-24 19:10:07,-71.47780,46.70730,3.0,0.17,0.10
CICERO,1999-12-24 19:20:07,-71.39880,46.71820,3.0,0.14,0.10
CICERO,1999-12-24 19:30:07,-71.32530,46.73720,3.0,0.12,0.10
CICERO,1999-12-24 19:40:07,-71.25130,46.75980,3.0,0.11,0.10
CICERO,1999-12-24 19:50:07,-71.21230,46.78380,3.0,0.10,0.10
CICERO,1999-12-24 20:00:07,-71.19770,46.80100,3.0,0.10,0.10
CICERO,1999-12-24 20:10:07,-71.19050,46.82330,3.0,0.09,0.10
CICERO,1999-12-24 20:20:07,-71.14250,46.84180,3.0,0.10,0.10
CICERO,1999-12-24 20:30:07,-71.07500,46.84170,3.0,0.10,0.10
CICERO,1999-12-24 20:40:07,-71.01100,46.85180,3.0,0.11,0.10
CICERO,1999-12-24 20:50:07,-70.95920,46.87530,3.0,0.09,0.10
CICERO,1999-12-24 21:00:07,-70.91220,46.90070,3.0,0.06,0.10
CICERO,1999-12-24 21:10:07,-70.86750,46.92700,3.0,0.05,0.10
CICERO,1999-12-24 21:20:07,-70.83580,46.96050,3.0,0.04,0.10
CICERO,1999-12-24 21:30:07,-70.80400,46.99330,3.0,0.04,0.10
CICERO,1999-12-24 21:40:07,-70.77280,47.02630,3.0,0.04,0.10
CICERO,1999-12-24 21:50:08,-70.74200,47.05870,3.0,-0.01,0.35
CICERO,1999-12-24 22:00:08,-70.71750,47.09300,3.0,-0.12,3.04
CICERO,1999-12-24 22:10:08,-70.69070,47.12550,3.0,-0.06,6.12
CICERO,1999-12-24 22:20:08,-70.66020,47.15630,3.0,-0.02,7.23
CICERO,1999-12-24 22:30:08,-70.62730,47.18700,3.0,0.04,9.08
CICERO,1999-12-24 22:40:08,-70.59500,47.21780,3.0,-0.05,10.57
CICERO,1999-12-24 22:50:08,-70.56180,47.25100,3.0,-0.07,11.24
CICERO,1999-12-24 23:00:08,-70.52820,47.28570,3.0,-0.07,12.67
CICERO,1999-12-24 23:10:08,-70.50170,47.32230,3.0,0.42,18.32
CICERO,1999-12-24 23:20:08,-70.47550,47.35800,3.0,0.79,21.94
CICERO,1999-12-24 23:30:08,-70.45320,47.39470,3.0,0.74,21.79
CICERO,1999-12-24 23:40:08,-70.41080,47.42530,3.0,0.80,22.33
CICERO,1999-12-24 23:50:08,-70.34570,47.43780,3.0,0.63,21.49
CICERO,1999-12-25 00:00:08,-70.27980,47.45300,3.0,0.86,22.69
CICERO,1999-12-25 00:10:08,-70.21470,47.47670,3.0,0.91,22.63
CICERO,1999-12-25 00:20:08,-70.16720,47.51600,3.0,0.89,22.70
CICERO,1999-12-25 00:30:08,-70.11820,47.55430,3.0,0.88,23.00
CICERO,1999-12-25 00:40:08,-70.06630,47.59270,3.0,0.70,23.65
CICERO,1999-12-25 00:50:08,-70.01520,47.63280,3.0,0.80,24.73
CICERO,1999-12-25 01:00:08,-69.96550,47.67300,3.0,0.82,24.62
CICERO,1999-12-25 01:10:08,-69.91850,47.71500,3.0,0.60,23.64
CICERO,1999-12-25 01:20:08,-69.87220,47.75650,3.0,0.82,24.04
CICERO,1999-12-25 01:30:08,-69.83020,47.80200,3.0,0.50,24.50
CICERO,1999-12-25 01:40:08,-69.78620,47.85000,3.0,-0.02,23.92
CICERO,1999-12-25 01:50:08,-69.74250,47.89970,3.0,0.58,24.42
CICERO,1999-12-25 02:00:08,-69.69780,47.95050,3.0,0.30,24.56
CICERO,1999-12-25 02:10:08,-69.64500,48.00230,3.0,0.91,25.55
CICERO,1999-12-25 02:20:08,-69.59830,48.05650,3.0,0.85,26.22
CICERO,1999-12-25 02:30:08,-69.56480,48.11080,3.0,1.34,30.17
CICERO,1999-12-25 02:40:08,-69.51830,48.15570,3.0,1.27,29.35
CICERO,1999-12-25 02:50:08,-69.47380,48.20100,3.0,1.36,29.98
CICERO,1999-12-25 03:00:08,-69.43480,48.24070,3.0,1.23,30.47
CICERO,1999-12-25 03:10:08,-69.41880,48.27330,3.0,0.95,30.31
CICERO,1999-12-25 03:20:09,-69.41030,48.30250,3.0,1.10,30.53
CICERO,1999-12-25 03:30:09,-69.38620,48.31700,3.0,1.41,31.16
CICERO,1999-12-25 03:40:09,-69.32320,48.33630,3.0,1.39,31.10
CICERO,1999-12-25 03:50:09,-69.25830,48.35680,3.0,1.14,30.59
CICERO,1999-12-25 04:00:09,-69.19530,48.37730,3.0,1.02,30.63
CICERO,1999-12-25 04:10:09,-69.13220,48.39680,3.0,1.07,30.80
CICERO,1999-12-25 04:20:09,-69.07070,48.41800,3.0,0.87,29.99
CICERO,1999-12-25 04:30:09,-69.01070,48.44280,3.0,0.88,29.36
CICERO,1999-12-25 04:40:09,-68.95170,48.46900,3.0,1.16,29.47
CICERO,1999-12-25 04:50:09,-68.88700,48.48900,3.0,1.18,29.67
CICERO,1999-12-25 05:00:09,-68.81900,48.50730,3.0,0.94,29.37
CICERO,1999-12-25 05:10:09,-68.75280,48.52470,3.0,0.83,29.10
CICERO,1999-12-25 05:20:09,-68.68680,48.54270,3.0,0.73,28.85
CICERO,1999-12-25 05:30:09,-68.62030,48.56150,3.0,0.54,28.57
CICERO,1999-12-25 05:40:09,-68.55470,48.58170,3.0,0.50,28.58
CICERO,1999-12-25 05:50:09,-68.48920,48.60230,3.0,0.26,27.72
CICERO,1999-12-25 06:00:09,-68.42400,48.62280,3.0,0.24,27.63
CICERO,1999-12-25 06:10:09,-68.35920,48.64400,3.0,0.18,27.41
CICERO,1999-12-25 06:20:09,-68.29400,48.66470,3.0,0.13,27.80
CICERO,1999-12-25 06:30:09,-68.22830,48.68480,3.0,-0.02,26.86
CICERO,1999-12-25 06:40:09,-68.16150,48.70330,3.0,0.19,27.63
CICERO,1999-12-25 06:50:09,-68.09470,48.72430,3.0,0.07,27.46
CICERO,1999-12-25 07:00:09,-68.03070,48.74420,3.0,0.17,26.71
CICERO,1999-12-25 07:10:09,-67.96680,48.76270,3.0,0.23,27.04
CICERO,1999-12-25 07:20:09,-67.90250,48.78100,3.0,0.21,26.95
CICERO,1999-12-25 07:30:09,-67.83800,48.80020,3.0,0.21,27.56
CICERO,1999-12-25 07:40:09,-67.77980,48.81920,3.0,0.24,29.66
CICERO,1999-12-25 07:50:09,-67.71750,48.83880,3.0,0.18,29.23
CICERO,1999-12-25 08:00:09,-67.65220,48.85830,3.0,-0.24,29.84
CICERO,1999-12-25 08:10:09,-67.58220,48.88080,3.0,-0.01,29.34
CICERO,1999-12-25 08:20:09,-67.50950,48.90450,3.0,0.01,26.94
CICERO,1999-12-25 08:30:09,-67.43720,48.92780,3.0,-0.35,25.94
CICERO,1999-12-25 08:40:09,-67.36450,48.94980,3.0,-0.67,25.45
CICERO,1999-12-25 08:50:09,-67.29480,48.97080,3.0,-0.19,26.76
CICERO,1999-12-25 09:00:10,-67.22770,48.99170,3.0,-0.34,25.93
CICERO,1999-12-25 09:10:10,-67.16180,49.01130,3.0,-0.28,26.21
CICERO,1999-12-25 09:20:10,-67.09670,49.03270,3.0,-0.26,26.44
CICERO,1999-12-25 09:30:10,-67.03230,49.05280,3.0,-0.09,27.23
CICERO,1999-12-25 09:40:10,-66.96750,49.07250,3.0,0.04,27.72
CICERO,1999-12-25 09:50:10,-66.90380,49.09420,3.0,-0.03,28.61
CICERO,1999-12-25 10:00:10,-66.83650,49.11620,3.0,-0.06,28.08
CICERO,1999-12-25 10:10:10,-66.76670,49.13750,3.0,-0.03,29.12
CICERO,1999-12-25 10:20:10,-66.69020,49.15270,3.0,0.02,29.16
CICERO,1999-12-25 10:30:10,-66.61070,49.16830,3.0,-0.10,28.22
CICERO,1999-12-25 10:40:10,-66.52930,49.18420,3.0,0.07,28.48
CICERO,1999-12-25 10:50:10,-66.44670,49.19900,3.0,0.10,28.98
CICERO,1999-12-25 11:00:10,-66.36450,49.21400,3.0,0.20,29.15
CICERO,1999-12-25 11:10:10,-66.28280,49.23120,3.0,-0.04,28.41
CICERO,1999-12-25 11:20:10,-66.20080,49.24880,3.0,-0.03,28.33
CICERO,1999-12-25 11:30:10,-66.11720,49.26130,3.0,-0.21,27.90
CICERO,1999-12-25 11:40:10,-66.03350,49.26830,3.0,-0.24,27.64
CICERO,1999-12-25 11:50:10,-65.94920,49.27470,3.0,-0.30,27.60
CICERO,1999-12-25 12:00:10,-65.86820,49.28050,3.0,-0.11,27.66
CICERO,1999-12-25 12:10:10,-65.78780,49.28630,3.0,-0.10,27.59
CICERO,1999-12-25 12:20:10,-65.70680,49.29220,3.0,-0.38,26.95
CICERO,1999-12-25 12:30:10,-65.62520,49.29780,3.0,-0.27,27.00
CICERO,1999-12-25 12:40:10,-65.54130,49.29850,3.0,-0.34,26.89
CICERO,1999-12-25 12:50:10,-65.45670,49.29250,3.0,-0.41,26.82
CICERO,1999-12-25 13:00:10,-65.37250,49.28620,3.0,-0.26,27.18
CICERO,1999-12-25 13:10:10,-65.28920,49.27930,3.0,-0.24,27.30
CICERO,1999-12-25 13:20:10,-65.20600,49.27220,3.0,-0.08,27.80
CICERO,1999-12-25 13:30:10,-65.12280,49.26550,3.0,0.07,27.91
CICERO,1999-12-25 13:40:10,-65.04000,49.26020,3.0,0.10,28.13
CICERO,1999-12-25 13:50:10,-64.95600,49.25500,3.0,0.10,28.15
CICERO,1999-12-25 14:00:10,-64.87150,49.25000,3.0,-0.34,26.94
CICERO,1999-12-25 14:10:10,-64.78880,49.23500,3.0,-0.00,28.16
CICERO,1999-12-25 14:20:10,-64.70870,49.21000,3.0,-0.03,28.17
CICERO,1999-12-25 14:30:11,-64.62950,49.18470,3.0,-0.04,28.41
CICERO,1999-12-25 14:40:11,-64.55330,49.16100,3.0,0.12,28.40
CICERO,1999-12-25 14:50:11,-64.47600,49.13730,3.0,0.10,28.07
CICERO,1999-12-25 15:00:11,-64.39920,49.11320,3.0,0.11,28.86
CICERO,1999-12-25 15:10:11,-64.32670,49.08980,3.0,0.34,29.93
CICERO,1999-12-25 15:20:11,-64.25600,49.06630,3.0,0.42,30.34
CICERO,1999-12-25 15:30:11,-64.18580,49.04280,3.0,0.43,30.64
CICERO,1999-12-25 15:40:11,-64.11580,49.02120,3.0,0.57,30.44
CICERO,1999-12-25 15:50:11,-64.04500,49.00100,3.0,0.42,30.81
CICERO,1999-12-25 16:00:11,-63.97670,48.98330,3.0,0.29,31.27
CICERO,1999-12-25 16:10:11,-63.91080,48.96680,3.0,0.22,31.34
CICERO,1999-12-25 16:20:11,-63.84730,48.94850,3.0,0.97,31.36
CICERO,1999-12-25 16:30:11,-63.78470,48.92930,3.0,1.26,31.47
CICERO,1999-12-25 16:40:11,-63.72330,48.91120,3.0,0.71,31.08
CICERO,1999-12-25 16:50:11,-63.66180,48.89300,3.0,0.43,30.90
CICERO,1999-12-25 17:00:11,-63.60080,48.87430,3.0,0.94,31.22
CICERO,1999-12-25 17:10:11,-63.54000,48.85570,3.0,1.20,31.42
CICERO,1999-12-25 17:20:11,-63.47970,48.83700,3.0,1.20,31.50
CICERO,1999-12-25 17:30:11,-63.41970,48.81680,3.0,1.18,31.46
CICERO,1999-12-25 17:40:11,-63.35770,48.79500,3.0,1.17,31.48
CICERO,1999-12-25 17:50:11,-63.29300,48.77330,3.0,0.97,31.57
CICERO,1999-12-25 18:00:11,-63.22720,48.75350,3.0,0.98,31.61
CICERO,1999-12-25 18:10:11,-63.16150,48.73420,3.0,1.15,31.48
CICERO,1999-12-25 18:20:11,-63.09670,48.71530,3.0,0.93,31.10
CICERO,1999-12-25 18:30:11,-63.03250,48.69480,3.0,0.98,31.18
CICERO,1999-12-25 18:40:11,-62.96730,48.67550,3.0,1.18,31.63
CICERO,1999-12-25 18:50:11,-62.90020,48.65620,3.0,1.17,31.64
CICERO,1999-12-25 19:00:11,-62.83420,48.63670,3.0,1.19,31.62
CICERO,1999-12-25 19:10:11,-62.76930,48.61780,3.0,1.02,31.60
CICERO,1999-12-25 19:20:11,-62.70530,48.59880,3.0,1.04,31.60
CICERO,1999-12-25 19:30:11,-62.64080,48.57930,3.0,1.08,31.62
CICERO,1999-12-25 19:40:11,-62.57750,48.55950,3.0,1.34,31.51
CICERO,1999-12-25 19:50:11,-62.51420,48.53950,3.0,1.39,31.41
CICERO,1999-12-25 20:00:12,-62.45100,48.51950,3.0,1.32,31.45
CICERO,1999-12-25 20:10:12,-62.38780,48.50020,3.0,1.26,31.45
CICERO,1999-12-25 20:20:12,-62.32450,48.48020,3.0,1.57,31.40
CICERO,1999-12-25 20:30:12,-62.26030,48.45930,3.0,1.39,31.61
CICERO,1999-12-25 20:40:12,-62.19470,48.43980,3.0,1.49,31.47
CICERO,1999-12-25 20:50:12,-62.12900,48.42000,3.0,1.70,31.38
CICERO,1999-12-25 21:00:12,-62.06350,48.40020,3.0,1.64,31.30
CICERO,1999-12-25 21:10:12,-61.99750,48.38100,3.0,1.50,31.08
CICERO,1999-12-25 21:20:12,-61.93020,48.36100,3.0,1.63,30.88
CICERO,1999-12-25 21:30:12,-61.86320,48.33920,3.0,1.59,30.92
CICERO,1999-12-25 21:40:12,-61.79780,48.31800,3.0,1.49,31.18
CICERO,1999-12-25 21:50:12,-61.73320,48.29750,3.0,1.80,31.30
CICERO,1999-12-25 22:00:12,-61.66800,48.27700,3.0,1.75,31.24
CICERO,1999-12-25 22:10:12,-61.60250,48.25630,3.0,2.12,31.39
CICERO,1999-12-25 22:20:12,-61.53650,48.23470,3.0,2.04,31.35
CICERO,1999-12-25 22:30:12,-61.47050,48.21380,3.0,2.15,31.36
CICERO,1999-12-25 22:40:12,-61.40800,48.18920,3.0,2.06,31.36
CICERO,1999-12-25 22:50:12,-61.34470,48.16420,3.0,1.66,31.16
CICERO,1999-12-25 23:00:12,-61.28170,48.13970,3.0,1.58,31.13
CICERO,1999-12-25 23:10:12,-61.21750,48.11470,3.0,1.46,31.02
CICERO,1999-12-25 23:20:12,-61.15370,48.08820,3.0,1.86,31.21
CICERO,1999-12-25 23:30:12,-61.09030,48.06230,3.0,2.03,31.28
CICERO,1999-12-25 23:40:12,-61.02720,48.03670,3.0,1.81,31.22
CICERO,1999-12-25 23:50:12,-60.96370,48.01100,3.0,1.71,31.21
CICERO,1999-12-26 00:00:12,-60.90080,47.98520,3.0,1.91,31.26
CICERO,1999-12-26 00:10:12,-60.83730,47.95900,3.0,1.91,31.32
CICERO,1999-12-26 00:20:12,-60.77470,47.93300,3.0,1.71,31.29
CICERO,1999-12-26 00:30:12,-60.71220,47.90700,3.0,1.73,31.30
CICERO,1999-12-26 00:40:12,-60.65000,47.88080,3.0,1.81,31.28
CICERO,1999-12-26 00:50:12,-60.58880,47.85550,3.0,1.74,31.27
CICERO,1999-12-26 01:00:12,-60.52700,47.83120,3.0,1.68,31.27
CICERO,1999-12-26 01:10:12,-60.46580,47.80650,3.0,1.74,31.27
CICERO,1999-12-26 01:20:12,-60.40480,47.78200,3.0,1.66,31.20
CICERO,1999-12-26 01:30:12,-60.34280,47.75700,3.0,1.89,31.24
CICERO,1999-12-26 01:40:13,-60.28170,47.73230,3.0,3.50,31.79
CICERO,1999-12-26 01:50:13,-60.22120,47.70700,3.0,3.59,31.83
CICERO,1999-12-26 02:00:13,-60.16020,47.68170,3.0,3.35,31.79
CICERO,1999-12-26 02:10:13,-60.09870,47.65750,3.0,3.07,31.75
CICERO,1999-12-26 02:20:13,-60.03630,47.63250,3.0,2.92,31.69
CICERO,1999-12-26 02:30:13,-59.97220,47.60780,3.0,3.04,31.78
CICERO,1999-12-26 02:40:13,-59.90830,47.58350,3.0,3.13,31.80
CICERO,1999-12-26 02:50:13,-59.84520,47.55900,3.0,3.53,31.82
CICERO,1999-12-26 03:00:13,-59.78320,47.53430,3.0,3.63,31.82
CICERO,1999-12-26 03:10:13,-59.72280,47.50930,3.0,3.41,31.77
CICERO,1999-12-26 03:20:13,-59.66320,47.48330,3.0,3.64,31.83
CICERO,1999-12-26 03:30:13,-59.60370,47.45830,3.0,3.81,31.94
CICERO,1999-12-26 03:40:13,-59.53830,47.44180,3.0,3.70,32.00
CICERO,1999-12-26 03:50:13,-59.47200,47.42680,3.0,3.61,31.99
CICERO,1999-12-26 04:00:13,-59.40580,47.41250,3.0,3.77,31.93
CICERO,1999-12-26 04:10:13,-59.34020,47.39780,3.0,3.52,31.95
CICERO,1999-12-26 04:20:13,-59.27500,47.38200,3.0,3.49,31.92
CICERO,1999-12-26 04:30:13,-59.20920,47.36620,3.0,3.40,31.93
CICERO,1999-12-26 04:40:13,-59.14230,47.35120,3.0,3.72,31.89
CICERO,1999-12-26 04:50:13,-59.07550,47.33630,3.0,3.65,31.75
CICERO,1999-12-26 05:00:13,-59.00900,47.32120,3.0,3.63,31.70
CICERO,1999-12-26 05:10:13,-58.94270,47.30550,3.0,3.66,31.70
CICERO,1999-12-26 05:20:13,-58.87750,47.28900,3.0,3.62,31.65
CICERO,1999-12-26 05:30:13,-58.81300,47.27280,3.0,3.67,31.64
CICERO,1999-12-26 05:40:13,-58.74780,47.25780,3.0,3.68,31.64
CICERO,1999-12-26 05:50:13,-58.68200,47.24230,3.0,3.67,31.65
CICERO,1999-12-26 06:00:13,-58.61680,47.22700,3.0,3.66,31.67
CICERO,1999-12-26 06:10:13,-58.55080,47.21170,3.0,3.69,31.70
CICERO,1999-12-26 06:20:13,-58.48480,47.19700,3.0,3.63,31.71
CICERO,1999-12-26 06:30:13,-58.41900,47.18150,3.0,3.45,31.73
CICERO,1999-12-26 06:40:13,-58.35400,47.16570,3.0,3.37,31.81
CICERO,1999-12-26 06:50:13,-58.28900,47.14980,3.0,3.54,31.91
CICERO,1999-12-26 07:00:13,-58.22420,47.13400,3.0,3.42,31.77
CICERO,1999-12-26 07:10:14,-58.15950,47.11800,3.0,3.44,31.76
CICERO,1999-12-26 07:20:14,-58.09420,47.10220,3.0,3.48,31.79
CICERO,1999-12-26 07:30:14,-58.02920,47.08650,3.0,3.54,31.80
CICERO,1999-12-26 07:40:14,-57.96420,47.07150,3.0,3.50,31.79
CICERO,1999-12-26 07:50:14,-57.89930,47.05680,3.0,3.51,31.83
CICERO,1999-12-26 08:00:14,-57.83550,47.04300,3.0,3.45,31.75
CICERO,1999-12-26 08:10:14,-57.77180,47.02800,3.0,3.57,31.66
CICERO,1999-12-26 08:20:14,-57.70850,47.01320,3.0,3.61,31.69
CICERO,1999-12-26 08:30:14,-57.64550,46.99850,3.0,3.52,31.70
CICERO,1999-12-26 08:40:14,-57.58230,46.98380,3.0,3.49,31.69
CICERO,1999-12-26 08:50:14,-57.51900,46.96900,3.0,3.51,31.69
CICERO,1999-12-26 09:00:14,-57.45520,46.95420,3.0,3.58,31.71
CICERO,1999-12-26 09:10:14,-57.39120,46.93920,3.0,3.58,31.71
CICERO,1999-12-26 09:20:14,-57.32700,46.92400,3.0,3.58,31.70
CICERO,1999-12-26 09:30:14,-57.26280,46.90780,3.0,3.59,31.70
CICERO,1999-12-26 09:40:14,-57.19770,46.89220,3.0,3.57,31.72
CICERO,1999-12-26 09:50:14,-57.13220,46.87630,3.0,3.56,31.75
CICERO,1999-12-26 10:00:14,-57.06680,46.86030,3.0,3.58,31.79
CICERO,1999-12-26 10:10:14,-57.00220,46.84430,3.0,3.74,31.87
CICERO,1999-12-26 10:20:14,-56.93770,46.82900,3.0,4.10,31.98
CICERO,1999-12-26 10:30:14,-56.87300,46.81430,3.0,3.90,31.97
CICERO,1999-12-26 10:40:14,-56.80870,46.79980,3.0,2.96,31.69
CICERO,1999-12-26 10:50:14,-56.74470,46.78520,3.0,3.02,31.65
CICERO,1999-12-26 11:00:14,-56.68030,46.77020,3.0,2.98,31.73
CICERO,1999-12-26 11:10:14,-56.61620,46.75630,3.0,3.43,31.84
CICERO,1999-12-26 11:20:14,-56.55250,46.74270,3.0,3.04,31.63
CICERO,1999-12-26 11:30:14,-56.48930,46.72820,3.0,2.94,31.62
CICERO,1999-12-26 11:40:14,-56.42700,46.71250,3.0,2.99,31.61
CICERO,1999-12-26 11:50:14,-56.36430,46.69720,3.0,2.99,31.57
CICERO,1999-12-26 12:00:14,-56.30070,46.68130,3.0,2.94,31.63
CICERO,1999-12-26 12:10:14,-56.23330,46.67570,3.0,2.92,31.64
CICERO,1999-12-26 12:20:14,-56.16480,46.67200,3.0,2.90,31.65
CICERO,1999-12-26 12:30:14,-56.09580,46.66850,3.0,3.02,31.64
CICERO,1999-12-26 12:40:15,-56.02670,46.66550,3.0,2.98,31.72
CICERO,1999-12-26 12:50:15,-55.95750,46.66220,3.0,2.85,31.70
CICERO,1999-12-26 13:00:15,-55.88880,46.65820,3.0,2.92,31.70
CICERO,1999-12-26 13:10:15,-55.81950,46.65470,3.0,2.88,31.69
CICERO,1999-12-26 13:20:15,-55.75150,46.65250,3.0,2.97,31.49
CICERO,1999-12-26 13:30:15,-55.68400,46.64880,3.0,3.19,31.48
CICERO,1999-12-26 13:40:15,-55.61630,46.64500,3.0,3.09,31.51
CICERO,1999-12-26 13:50:15,-55.54870,46.64100,3.0,3.13,31.49
CICERO,1999-12-26 14:00:15,-55.48070,46.63650,3.0,3.14,31.49
CICERO,1999-12-26 14:10:15,-55.41280,46.63170,3.0,3.20,31.48
CICERO,1999-12-26 14:20:15,-55.34480,46.62720,3.0,3.14,31.50
CICERO,1999-12-26 14:30:15,-55.27650,46.62280,3.0,3.08,31.51
CICERO,1999-12-26 14:40:15,-55.20780,46.61850,3.0,2.92,31.56
CICERO,1999-12-26 14:50:15,-55.13930,46.61530,3.0,2.70,31.63
CICERO,1999-12-26 15:00:15,-55.07070,46.61220,3.0,2.71,31.57
CICERO,1999-12-26 15:10:15,-55.00300,46.60830,3.0,2.85,31.48
CICERO,1999-12-26 15:20:15,-54.93500,46.60480,3.0,2.71,31.57
CICERO,1999-12-26 15:30:15,-54.86680,46.60250,3.0,2.45,31.78
CICERO,1999-12-26 15:40:15,-54.79830,46.60080,3.0,2.43,31.77
CICERO,1999-12-26 15:50:15,-54.72930,46.59970,3.0,2.41,31.77
CICERO,1999-12-26 16:00:15,-54.66120,46.59730,3.0,3.50,31.93
CICERO,1999-12-26 16:10:15,-54.59320,46.59250,3.0,2.59,31.86
CICERO,1999-12-26 16:20:15,-54.52550,46.58680,3.0,2.41,31.80
CICERO,1999-12-26 16:30:15,-54.45770,46.58120,3.0,2.27,31.71
CICERO,1999-12-26 16:40:15,-54.38950,46.57720,3.0,2.15,31.75
CICERO,1999-12-26 16:50:15,-54.32150,46.57270,3.0,2.35,31.80
CICERO,1999-12-26 17:00:15,-54.25330,46.56800,3.0,2.57,31.80
CICERO,1999-12-26 17:10:15,-54.18480,46.56250,3.0,2.52,31.82
CICERO,1999-12-26 17:20:15,-54.11580,46.55850,3.0,2.11,31.77
CICERO,1999-12-26 17:30:15,-54.04630,46.55450,3.0,2.08,31.76
CICERO,1999-12-26 17:40:15,-53.97750,46.55050,3.0,2.17,31.79
CICERO,1999-12-26 17:50:15,-53.90850,46.54630,3.0,2.11,31.78
CICERO,1999-12-26 18:00:15,-53.83950,46.54220,3.0,2.40,31.80
CICERO,1999-12-26 18:10:15,-53.77070,46.53870,3.0,2.50,31.77
CICERO,1999-12-26 18:20:16,-53.70180,46.53550,3.0,2.30,31.68
CICERO,1999-12-26 18:30:16,-53.63250,46.53220,3.0,2.34,31.66
CICERO,1999-12-26 18:40:16,-53.56270,46.52900,3.0,2.37,31.67
CICERO,1999-12-26 18:50:16,-53.49370,46.53320,3.0,2.38,31.66
CICERO,1999-12-26 19:00:16,-53.42570,46.54080,3.0,2.37,31.62
CICERO,1999-12-26 19:10:16,-53.35720,46.54920,3.0,2.42,31.62
CICERO,1999-12-26 19:20:16,-53.28830,46.55700,3.0,2.48,31.70
CICERO,1999-12-26 19:30:16,-53.21930,46.56470,3.0,2.60,31.66
CICERO,1999-12-26 19:40:16,-53.15020,46.57250,3.0,2.42,31.61
CICERO,1999-12-26 19:50:16,-53.09400,46.60120,3.0,2.37,31.62
CICERO,1999-12-26 20:00:16,-53.04030,46.63250,3.0,1.95,31.74
CICERO,1999-12-26 20:10:16,-53.00250,46.67270,3.0,1.61,31.85
CICERO,1999-12-26 20:20:16,-52.96480,46.71250,3.0,1.55,31.86
CICERO,1999-12-26 20:30:16,-52.92750,46.75220,3.0,1.52,31.84
CICERO,1999-12-26 20:40:16,-52.90120,46.79450,3.0,1.30,31.84
CICERO,1999-12-26 20:50:16,-52.88070,46.83820,3.0,1.35,31.86
CICERO,1999-12-26 21:00:16,-52.86130,46.88170,3.0,1.23,31.84
CICERO,1999-12-26 21:10:16,-52.84200,46.92530,3.0,1.04,31.81
CICERO,1999-12-26 21:20:16,-52.82230,46.96900,3.0,0.94,31.83
CICERO,1999-12-26 21:30:16,-52.80170,47.01250,3.0,1.03,31.78
CICERO,1999-12-26 21:40:16,-52.78100,47.05530,3.0,1.02,31.77
CICERO,1999-12-26 21:55:16,-52.74180,47.14200,3.0,0.98,31.91
CICERO,1999-12-26 22:05:16,-52.72270,47.18620,3.0,1.05,31.81
CICERO,1999-12-26 22:15:16,-52.70380,47.23020,3.0,1.03,31.81
CICERO,1999-12-26 22:25:16,-52.68500,47.27500,3.0,1.09,31.78
CICERO,1999-12-26 22:35:16,-52.66370,47.32070,3.0,1.19,31.75
CICERO,1999-12-26 22:45:16,-52.64370,47.36580,3.0,1.13,31.75
CICERO,1999-12-26 22:55:16,-52.62500,47.41170,3.0,1.11,31.79
CICERO,1999-12-26 23:05:16,-52.60850,47.45720,3.0,1.37,31.58
CICERO,1999-12-26 23:15:16,-52.59220,47.50230,3.0,1.53,31.60
CICERO,1999-12-26 23:25:16,-52.61050,47.54170,3.0,1.61,31.59
CICERO,1999-12-28 00:00:21,-52.58300,47.52350,3.0,1.01,26.67
CICERO,1999-12-28 00:10:21,-52.59150,47.49900,3.0,1.08,31.83
CICERO,1999-12-28 00:20:21,-52.60150,47.47630,3.0,1.25,31.83
CICERO,1999-12-28 00:30:21,-52.61020,47.45280,3.0,1.51,31.24
CICERO,1999-12-28 00:40:21,-52.61850,47.42880,3.0,1.58,31.78
CICERO,1999-12-28 00:50:21,-52.62730,47.40530,3.0,1.36,31.77
CICERO,1999-12-28 01:00:21,-52.63630,47.38220,3.0,1.26,31.75
CICERO,1999-12-28 01:10:21,-52.64520,47.35970,3.0,1.23,30.73
CICERO,1999-12-28 01:20:21,-52.65450,47.33720,3.0,1.19,31.77
CICERO,1999-12-28 01:30:21,-52.66330,47.31330,3.0,1.16,31.79
CICERO,1999-12-28 01:40:21,-52.67270,47.29020,3.0,1.21,30.83
CICERO,1999-12-28 01:50:21,-52.68330,47.26730,3.0,1.18,31.76
CICERO,1999-12-28 02:00:21,-52.69430,47.24430,3.0,1.22,31.75
CICERO,1999-12-28 02:10:21,-52.70600,47.22030,3.0,1.20,31.80
CICERO,1999-12-28 02:20:21,-52.71720,47.19700,3.0,1.14,31.81
CICERO,1999-12-28 02:30:21,-52.72770,47.17320,3.0,1.15,31.82
CICERO,1999-12-28 02:40:21,-52.73750,47.15000,3.0,1.25,31.69
CICERO,1999-12-28 02:50:21,-52.74720,47.12650,3.0,1.31,31.80
CICERO,1999-12-28 03:00:21,-52.75700,47.10250,3.0,1.29,31.82
CICERO,1999-12-28 03:10:21,-52.76870,47.07880,3.0,1.14,31.82
CICERO,1999-12-28 03:20:21,-52.78050,47.05480,3.0,1.19,31.71
CICERO,1999-12-28 03:30:21,-52.79200,47.03120,3.0,1.20,31.82
CICERO,1999-12-28 03:40:22,-52.80320,47.00870,3.0,1.32,31.85
CICERO,1999-12-28 03:50:22,-52.81380,46.98620,3.0,1.40,31.86
CICERO,1999-12-28 04:00:22,-52.82550,46.96150,3.0,1.45,31.89
CICERO,1999-12-28 04:10:22,-52.83850,46.93680,3.0,1.38,31.89
CICERO,1999-12-28 04:20:22,-52.85070,46.91230,3.0,1.36,31.88
CICERO,1999-12-28 04:30:22,-52.86130,46.88730,3.0,1.44,31.88
CICERO,1999-12-28 04:40:22,-52.87120,46.86320,3.0,1.40,31.94
CICERO,1999-12-28 04:50:22,-52.88170,46.83870,3.0,1.46,31.95
CICERO,1999-12-28 05:00:22,-52.89180,46.81380,3.0,1.51,31.95
CICERO,1999-12-28 05:10:22,-52.90150,46.79070,3.0,1.57,31.89
CICERO,1999-12-28 05:20:22,-52.91430,46.76870,3.0,1.61,31.92
CICERO,1999-12-28 05:30:22,-52.93320,46.74770,3.0,1.63,31.89
CICERO,1999-12-28 05:40:22,-52.95120,46.72720,3.0,1.63,31.89
CICERO,1999-12-28 05:50:22,-52.96950,46.70700,3.0,1.68,31.87
CICERO,1999-12-28 06:00:22,-52.98600,46.68980,3.0,1.75,31.86
CICERO,1999-12-28 06:10:22,-53.00350,46.67130,3.0,1.74,31.85
CICERO,1999-12-28 06:20:22,-53.02050,46.65180,3.0,1.85,31.81
CICERO,1999-12-28 06:30:22,-53.03730,46.63330,3.0,2.13,31.77
CICERO,1999-12-28 06:40:22,-53.06180,46.61870,3.0,2.23,31.74
CICERO,1999-12-28 06:50:22,-53.08850,46.60470,3.0,2.42,31.70
CICERO,1999-12-28 07:00:22,-53.11520,46.59030,3.0,2.49,31.69
CICERO,1999-12-28 07:10:22,-53.14150,46.57570,3.0,2.48,31.70
CICERO,1999-12-28 07:20:22,-53.17400,46.57120,3.0,2.46,31.69
CICERO,1999-12-28 07:30:22,-53.20770,46.56800,3.0,2.44,31.68
CICERO,1999-12-28 07:40:22,-53.24130,46.56470,3.0,2.44,31.67
CICERO,1999-12-28 07:50:22,-53.27430,46.56100,3.0,2.42,31.67
CICERO,1999-12-28 08:00:22,-53.30770,46.55730,3.0,2.36,31.67
CICERO,1999-12-28 08:10:22,-53.33980,46.55380,3.0,2.33,31.70
CICERO,1999-12-28 08:20:22,-53.37330,46.54980,3.0,2.32,31.73
CICERO,1999-12-28 08:30:22,-53.40530,46.54680,3.0,2.34,31.55
CICERO,1999-12-28 08:40:22,-53.43850,46.54280,3.0,2.34,31.73
CICERO,1999-12-28 08:50:22,-53.47030,46.53950,3.0,2.34,31.75
CICERO,1999-12-28 09:00:22,-53.50270,46.53580,3.0,2.41,31.77
CICERO,1999-12-28 09:10:23,-53.53580,46.53220,3.0,2.56,31.81
CICERO,1999-12-28 09:20:23,-53.56730,46.52930,3.0,2.69,31.85
CICERO,1999-12-28 09:30:23,-53.59770,46.53180,3.0,2.62,31.86
CICERO,1999-12-28 09:40:23,-53.62830,46.53300,3.0,2.59,31.86
CICERO,1999-12-28 09:50:23,-53.66070,46.53500,3.0,2.51,31.84
CICERO,1999-12-28 10:00:23,-53.69270,46.53730,3.0,2.52,31.84
CICERO,1999-12-28 10:10:23,-53.72350,46.53930,3.0,2.53,31.84
CICERO,1999-12-28 10:20:23,-53.75330,46.54130,3.0,2.60,31.18
CICERO,1999-12-28 10:30:23,-53.78270,46.54220,3.0,2.51,31.81
CICERO,1999-12-28 10:40:23,-53.81220,46.54280,3.0,2.44,29.33
CICERO,1999-12-28 10:50:23,-53.84030,46.54480,3.0,2.43,31.80
CICERO,1999-12-28 11:00:23,-53.86520,46.54700,3.0,2.45,31.80
CICERO,1999-12-28 11:10:23,-53.89130,46.54750,3.0,2.13,31.81
CICERO,1999-12-28 11:20:23,-53.91970,46.54830,3.0,2.08,31.80
CICERO,1999-12-28 11:30:23,-53.94600,46.55020,3.0,2.10,31.70
CICERO,1999-12-28 11:40:23,-53.97420,46.55120,3.0,2.24,30.91
CICERO,1999-12-28 11:50:23,-54.00220,46.55280,3.0,2.29,31.76
CICERO,1999-12-28 12:00:23,-54.03080,46.55450,3.0,2.19,31.30
CICERO,1999-12-28 12:10:23,-54.05820,46.55680,3.0,2.19,31.13
CICERO,1999-12-28 12:20:23,-54.08620,46.55870,3.0,2.16,31.74
CICERO,1999-12-28 12:30:23,-54.11300,46.56120,3.0,2.20,31.66
CICERO,1999-12-28 12:40:23,-54.14080,46.56220,3.0,2.19,31.76
CICERO,1999-12-28 12:50:23,-54.16920,46.56330,3.0,2.21,31.75
CICERO,1999-12-28 13:00:23,-54.19570,46.56530,3.0,2.25,31.63
CICERO,1999-12-28 13:10:23,-54.22370,46.56620,3.0,2.28,31.73
CICERO,1999-12-28 13:20:23,-54.25270,46.56800,3.0,2.28,30.78
CICERO,1999-12-28 13:30:23,-54.28270,46.56880,3.0,2.25,31.43
CICERO,1999-12-28 13:40:23,-54.31400,46.57100,3.0,2.21,31.77
CICERO,1999-12-28 13:50:23,-54.34370,46.57380,3.0,2.14,30.90
CICERO,1999-12-28 14:00:23,-54.37380,46.57580,3.0,2.08,31.78
CICERO,1999-12-28 14:10:23,-54.40420,46.57780,3.0,2.05,31.79
CICERO,1999-12-28 14:20:23,-54.43520,46.58020,3.0,2.01,31.78
CICERO,1999-12-28 14:30:23,-54.46600,46.58100,3.0,1.96,30.93
CICERO,1999-12-28 14:40:24,-54.49780,46.58220,3.0,1.92,28.12
CICERO,1999-12-28 14:50:24,-54.52870,46.58370,3.0,1.98,31.83
CICERO,1999-12-28 15:00:24,-54.56000,46.58470,3.0,2.62,31.83
CICERO,1999-12-28 15:10:24,-54.59220,46.58580,3.0,2.83,31.90
CICERO,1999-12-28 15:20:24,-54.62580,46.58870,3.0,2.55,31.27
CICERO,1999-12-28 15:30:24,-54.65970,46.59200,3.0,2.46,31.83
CICERO,1999-12-28 15:40:24,-54.69180,46.59350,3.0,2.80,22.44
CICERO,1999-12-28 15:50:24,-54.72580,46.59480,3.0,2.71,28.14
CICERO,1999-12-28 16:00:24,-54.76050,46.59580,3.0,2.59,31.80
CICERO,1999-12-28 16:10:24,-54.79530,46.59730,3.0,2.50,31.72
CICERO,1999-12-28 16:20:24,-54.82950,46.59930,3.0,2.67,31.65
CICERO,1999-12-28 16:30:24,-54.86150,46.60250,3.0,2.67,31.72
CICERO,1999-12-28 16:40:24,-54.89400,46.60450,3.0,2.66,31.70
CICERO,1999-12-28 16:50:24,-54.92700,46.60620,3.0,2.73,31.73
CICERO,1999-12-28 17:00:24,-54.96170,46.60750,3.0,2.73,31.64
CICERO,1999-12-28 17:10:24,-54.99580,46.60900,3.0,2.77,31.64
CICERO,1999-12-28 17:20:24,-55.02930,46.61020,3.0,2.74,31.43
CICERO,1999-12-28 17:30:24,-55.06330,46.61150,3.0,2.71,31.62
CICERO,1999-12-28 17:40:24,-55.09920,46.61370,3.0,2.71,31.62
CICERO,1999-12-28 17:50:24,-55.13330,46.61650,3.0,2.64,30.58
CICERO,1999-12-28 18:00:24,-55.16720,46.61850,3.0,2.55,31.71
CICERO,1999-12-28 18:10:24,-55.20200,46.62100,3.0,2.62,31.71
CICERO,1999-12-28 18:20:24,-55.23700,46.62300,3.0,2.61,31.67
CICERO,1999-12-28 18:30:24,-55.26980,46.62530,3.0,2.88,29.57
CICERO,1999-12-28 18:40:24,-55.30380,46.62770,3.0,2.96,30.67
CICERO,1999-12-28 18:50:24,-55.33770,46.62930,3.0,2.97,31.56
CICERO,1999-12-28 19:00:24,-55.37270,46.63120,3.0,2.93,31.00
CICERO,1999-12-28 19:10:24,-55.40700,46.63300,3.0,2.92,31.57
CICERO,1999-12-28 19:20:24,-55.44200,46.63480,3.0,2.91,31.58
CICERO,1999-12-28 19:30:24,-55.47680,46.63680,3.0,2.87,31.58
CICERO,1999-12-28 19:40:24,-55.51220,46.63870,3.0,2.87,31.58
CICERO,1999-12-28 19:50:24,-55.54770,46.64030,3.0,2.86,31.57
CICERO,1999-12-28 20:00:24,-55.58450,46.64220,3.0,2.87,31.59
CICERO,1999-12-28 20:10:24,-55.62120,46.64480,3.0,2.89,31.58
CICERO,1999-12-28 20:20:25,-55.65820,46.64780,3.0,2.86,31.61
CICERO,1999-12-28 20:30:25,-55.69500,46.65020,3.0,2.86,31.61
CICERO,1999-12-28 20:40:25,-55.73220,46.65220,3.0,2.82,31.65
CICERO,1999-12-28 20:50:25,-55.76980,46.65470,3.0,2.83,31.74
CICERO,1999-12-28 21:00:25,-55.80700,46.65720,3.0,2.82,31.75
CICERO,1999-12-28 21:10:25,-55.84330,46.65920,3.0,2.80,31.75
CICERO,1999-12-28 21:20:25,-55.87800,46.65970,3.0,2.53,31.64
CICERO,1999-12-28 21:30:25,-55.91370,46.66020,3.0,2.61,31.78
CICERO,1999-12-28 21:40:25,-55.95020,46.66100,3.0,2.82,31.75
CICERO,1999-12-28 21:50:25,-55.98570,46.66120,3.0,2.88,31.77
CICERO,1999-12-28 22:00:25,-56.02100,46.66320,3.0,3.16,31.82
CICERO,1999-12-28 22:10:25,-56.05720,46.66550,3.0,2.87,31.75
CICERO,1999-12-28 22:20:25,-56.09370,46.66870,3.0,3.04,31.79
CICERO,1999-12-28 22:30:25,-56.13100,46.67220,3.0,3.19,21.45
CICERO,1999-12-28 22:40:25,-56.16980,46.67550,3.0,2.95,31.76
CICERO,1999-12-28 22:50:25,-56.20850,46.68000,3.0,3.01,31.78
CICERO,1999-12-28 23:00:25,-56.24630,46.68420,3.0,3.10,31.77
CICERO,1999-12-28 23:10:25,-56.28480,46.68750,3.0,3.16,31.77
CICERO,1999-12-28 23:20:25,-56.32280,46.69100,3.0,2.84,31.69
CICERO,1999-12-28 23:30:25,-56.36000,46.69670,3.0,2.85,31.68
CICERO,1999-12-28 23:40:25,-56.39700,46.70700,3.0,2.82,31.68
CICERO,1999-12-28 23:50:25,-56.43430,46.71650,3.0,2.87,31.70
CICERO,1999-12-29 00:00:25,-56.47170,46.72580,3.0,2.83,31.67
CICERO,1999-12-29 00:10:25,-56.50850,46.73550,3.0,2.86,31.68
CICERO,1999-12-29 00:20:25,-56.54620,46.74520,3.0,2.87,31.68
CICERO,1999-12-29 00:30:25,-56.58450,46.75570,3.0,2.99,31.75
CICERO,1999-12-29 00:40:25,-56.62200,46.76600,3.0,2.94,31.71
CICERO,1999-12-29 00:50:25,-56.65950,46.77680,3.0,3.02,31.75
CICERO,1999-12-29 01:00:25,-56.69780,46.78730,3.0,2.90,31.73
CICERO,1999-12-29 01:10:25,-56.73580,46.79820,3.0,3.04,31.82
CICERO,1999-12-29 01:20:25,-56.77480,46.80920,3.0,3.59,31.93
CICERO,1999-12-29 01:30:25,-56.81270,46.82050,3.0,3.60,31.94
CICERO,1999-12-29 01:40:25,-56.84670,46.83750,3.0,3.76,31.98
CICERO,1999-12-29 01:50:26,-56.88070,46.85400,3.0,3.81,31.99
CICERO,1999-12-29 02:00:26,-56.91580,46.87030,3.0,3.88,32.00
CICERO,1999-12-29 02:10:26,-56.94980,46.88670,3.0,4.01,32.00
CICERO,1999-12-29 02:20:26,-56.98480,46.90220,3.0,3.92,31.99
CICERO,1999-12-29 02:30:26,-57.02030,46.91700,3.0,3.96,31.96
CICERO,1999-12-29 02:40:26,-57.05650,46.93130,3.0,3.71,31.86
CICERO,1999-12-29 02:50:26,-57.09250,46.94550,3.0,3.56,31.81
CICERO,1999-12-29 03:00:26,-57.12730,46.96130,3.0,3.50,31.79
CICERO,1999-12-29 03:10:26,-57.16170,46.97770,3.0,3.55,31.78
CICERO,1999-12-29 03:20:26,-57.19570,46.99430,3.0,3.43,31.75
CICERO,1999-12-29 03:30:26,-57.22980,47.01120,3.0,3.48,31.79
CICERO,1999-12-29 03:40:26,-57.26450,47.02770,3.0,3.46,31.78
CICERO,1999-12-29 03:50:26,-57.30000,47.04420,3.0,3.39,31.75
CICERO,1999-12-29 04:00:26,-57.33670,47.06080,3.0,3.42,31.77
CICERO,1999-12-29 04:10:26,-57.37300,47.07830,3.0,3.35,31.73
CICERO,1999-12-29 04:20:26,-57.40980,47.09550,3.0,3.34,31.73
CICERO,1999-12-29 04:30:26,-57.44650,47.11270,3.0,3.33,31.72
CICERO,1999-12-29 04:40:26,-57.48300,47.12950,3.0,3.37,31.70
CICERO,1999-12-29 04:50:26,-57.51900,47.14650,3.0,3.43,31.74
CICERO,1999-12-29 05:00:26,-57.55550,47.16330,3.0,3.39,31.72
CICERO,1999-12-29 05:10:26,-57.59150,47.18070,3.0,3.50,31.74
CICERO,1999-12-29 05:20:26,-57.62720,47.19780,3.0,3.54,31.79
CICERO,1999-12-29 05:30:26,-57.66220,47.21580,3.0,3.46,31.79
CICERO,1999-12-29 05:40:26,-57.69950,47.23150,3.0,3.43,31.77
CICERO,1999-12-29 05:50:26,-57.73680,47.24730,3.0,3.41,31.85
CICERO,1999-12-29 06:00:26,-57.77470,47.26300,3.0,3.40,31.81
CICERO,1999-12-29 06:10:26,-57.81280,47.27850,3.0,3.27,31.90
CICERO,1999-12-29 06:20:26,-57.85030,47.29420,3.0,3.39,31.86
CICERO,1999-12-29 06:30:26,-57.88780,47.31020,3.0,3.41,31.87
CICERO,1999-12-29 06:40:26,-57.92630,47.32650,3.0,3.45,31.85
CICERO,1999-12-29 06:50:26,-57.96530,47.34320,3.0,3.50,31.82
CICERO,1999-12-29 07:00:26,-58.00430,47.36030,3.0,3.57,31.80
CICERO,1999-12-29 07:10:26,-58.04400,47.37770,3.0,3.57,31.79
CICERO,1999-12-29 07:20:27,-58.08330,47.39570,3.0,3.61,31.73
CICERO,1999-12-29 07:30:27,-58.12570,47.40780,3.0,3.65,31.72
CICERO,1999-12-29 07:40:27,-58.17120,47.41250,3.0,3.66,31.73
CICERO,1999-12-29 07:50:27,-58.21680,47.41730,3.0,3.66,31.72
CICERO,1999-12-29 08:00:27,-58.26270,47.42230,3.0,3.63,31.73
CICERO,1999-12-29 08:10:27,-58.30780,47.42770,3.0,3.53,31.74
CICERO,1999-12-29 08:20:27,-58.35270,47.43270,3.0,3.40,31.90
CICERO,1999-12-29 08:30:27,-58.39750,47.43680,3.0,3.40,31.87
CICERO,1999-12-29 08:40:27,-58.44250,47.44120,3.0,3.44,31.86
CICERO,1999-12-29 08:50:27,-58.48720,47.44470,3.0,3.39,31.83
CICERO,1999-12-29 09:00:27,-58.53180,47.44770,3.0,3.51,31.79
CICERO,1999-12-29 09:10:27,-58.57680,47.45070,3.0,3.53,31.81
CICERO,1999-12-29 09:20:27,-58.62230,47.45330,3.0,3.51,31.84
CICERO,1999-12-29 09:30:27,-58.66830,47.45620,3.0,3.57,31.80
CICERO,1999-12-29 09:40:27,-58.71480,47.46030,3.0,3.50,31.78
CICERO,1999-12-29 09:50:27,-58.76100,47.46500,3.0,3.18,32.00
CICERO,1999-12-29 10:00:27,-58.80580,47.47070,3.0,3.11,32.09
CICERO,1999-12-29 10:10:27,-58.85020,47.47550,3.0,3.12,32.01
CICERO,1999-12-29 10:20:27,-58.89520,47.48070,3.0,3.29,31.93
CICERO,1999-12-29 10:30:27,-58.94020,47.48580,3.0,3.34,31.90
CICERO,1999-12-29 10:40:27,-58.98500,47.49130,3.0,3.40,31.88
CICERO,1999-12-29 10:50:27,-59.02980,47.49630,3.0,3.38,31.86
CICERO,1999-12-29 11:00:27,-59.07430,47.50130,3.0,3.40,31.82
CICERO,1999-12-29 11:10:27,-59.11870,47.50620,3.0,3.38,31.78
CICERO,1999-12-29 11:20:27,-59.16250,47.50980,3.0,3.33,31.80
CICERO,1999-12-29 11:30:27,-59.20550,47.51250,3.0,3.38,31.92
CICERO,1999-12-29 11:40:27,-59.24800,47.51550,3.0,3.43,31.84
CICERO,1999-12-29 11:50:27,-59.29120,47.52000,3.0,3.44,31.82
CICERO,1999-12-29 12:00:27,-59.33570,47.52450,3.0,3.46,31.89
CICERO,1999-12-29 12:10:27,-59.38070,47.52830,3.0,3.14,32.02
CICERO,1999-12-29 12:20:27,-59.42600,47.53200,3.0,3.28,32.03
CICERO,1999-12-29 12:30:27,-59.47000,47.54080,3.0,3.25,32.03
CICERO,1999-12-29 12:40:27,-59.51230,47.55250,3.0,3.27,32.01
CICERO,1999-12-29 12:50:27,-59.55230,47.56650,3.0,3.29,31.97
CICERO,1999-12-29 13:00:28,-59.59050,47.58300,3.0,3.06,31.86
CICERO,1999-12-29 13:10:28,-59.62780,47.59830,3.0,3.01,31.80
CICERO,1999-12-29 13:20:28,-59.68720,47.62080,3.0,3.01,31.76
CICERO,1999-12-29 13:30:28,-59.74650,47.64480,3.0,2.96,31.71
CICERO,1999-12-29 13:40:28,-59.80450,47.66970,3.0,2.17,31.48
CICERO,1999-12-29 13:50:28,-59.86380,47.69480,3.0,2.29,31.52
CICERO,1999-12-29 14:00:28,-59.92350,47.71950,3.0,2.79,31.69
CICERO,1999-12-29 14:10:28,-59.98370,47.74330,3.0,2.78,31.71
CICERO,1999-12-29 14:20:28,-60.04380,47.76650,3.0,2.80,31.74
CICERO,1999-12-29 14:30:28,-60.10480,47.78930,3.0,2.79,31.70
CICERO,1999-12-29 14:40:28,-60.16620,47.81230,3.0,3.16,31.75
CICERO,1999-12-29 14:50:28,-60.22670,47.83650,3.0,3.25,31.76
CICERO,1999-12-29 15:00:28,-60.28630,47.86120,3.0,3.41,31.80
CICERO,1999-12-29 15:10:28,-60.34520,47.88520,3.0,1.88,31.41
CICERO,1999-12-29 15:20:28,-60.40400,47.90920,3.0,1.60,31.28
CICERO,1999-12-29 15:30:28,-60.46230,47.93330,3.0,1.68,31.28
CICERO,1999-12-29 15:40:28,-60.51980,47.95700,3.0,1.72,31.33
CICERO,1999-12-29 15:50:28,-60.57620,47.98100,3.0,1.62,31.24
CICERO,1999-12-29 16:00:28,-60.63380,48.00520,3.0,1.71,31.35
CICERO,1999-12-29 16:10:28,-60.69780,48.02170,3.0,1.66,31.33
CICERO,1999-12-29 16:20:28,-60.76300,48.03850,3.0,1.81,31.38
CICERO,1999-12-29 16:30:28,-60.82530,48.05800,3.0,2.03,31.55
CICERO,1999-12-29 16:40:28,-60.88470,48.08080,3.0,2.01,31.58
CICERO,1999-12-29 16:50:28,-60.94250,48.10570,3.0,1.87,31.53
CICERO,1999-12-29 17:00:28,-60.99850,48.13250,3.0,1.80,31.44
CICERO,1999-12-29 17:10:28,-61.05370,48.15970,3.0,1.69,31.39
CICERO,1999-12-29 17:20:28,-61.10920,48.18620,3.0,1.81,31.44
CICERO,1999-12-29 17:30:28,-61.16470,48.21230,3.0,1.38,31.25
CICERO,1999-12-29 17:40:28,-61.22030,48.23880,3.0,1.31,31.19
CICERO,1999-12-29 17:50:28,-61.27850,48.26420,3.0,1.26,31.13
CICERO,1999-12-29 18:00:28,-61.33820,48.28870,3.0,1.25,31.23
CICERO,1999-12-29 18:10:28,-61.39750,48.31320,3.0,1.17,31.30
CICERO,1999-12-29 18:20:28,-61.45650,48.33680,3.0,1.35,31.40
CICERO,1999-12-29 18:30:29,-61.51520,48.35970,3.0,1.38,31.29
CICERO,1999-12-29 18:40:29,-61.57320,48.38180,3.0,1.79,31.49
CICERO,1999-12-29 18:50:29,-61.63050,48.40370,3.0,1.37,31.47
CICERO,1999-12-29 19:00:29,-61.68820,48.42600,3.0,1.19,31.51
CICERO,1999-12-29 19:10:29,-61.74620,48.44870,3.0,0.92,31.45
CICERO,1999-12-29 19:20:29,-61.80470,48.47200,3.0,1.19,31.50
CICERO,1999-12-29 19:30:29,-61.86180,48.49630,3.0,1.49,31.59
CICERO,1999-12-29 19:40:29,-61.91980,48.52070,3.0,1.24,31.56
CICERO,1999-12-29 19:50:29,-61.97880,48.54380,3.0,1.20,31.59
CICERO,1999-12-29 20:00:29,-62.03870,48.56700,3.0,1.19,31.60
CICERO,1999-12-29 20:10:29,-62.09830,48.59020,3.0,1.44,31.64
CICERO,1999-12-29 20:20:29,-62.15670,48.61380,3.0,1.35,31.60
CICERO,1999-12-29 20:30:29,-62.21520,48.63770,3.0,1.29,31.56
CICERO,1999-12-29 20:40:29,-62.27330,48.66070,3.0,1.29,31.54
CICERO,1999-12-29 20:50:29,-62.33080,48.68330,3.0,1.24,31.56
CICERO,1999-12-29 21:00:29,-62.38730,48.70570,3.0,1.34,31.61
CICERO,1999-12-29 21:10:29,-62.44250,48.72820,3.0,1.17,31.56
CICERO,1999-12-29 21:20:29,-62.49800,48.75000,3.0,1.12,31.57
CICERO,1999-12-29 21:30:29,-62.55450,48.77200,3.0,1.05,31.63
CICERO,1999-12-29 21:40:29,-62.61130,48.79300,3.0,0.58,31.75
CICERO,1999-12-29 21:50:29,-62.66880,48.81420,3.0,0.80,31.57
CICERO,1999-12-29 22:00:29,-62.72450,48.83520,3.0,0.76,31.67
CICERO,1999-12-29 22:10:29,-62.77850,48.85750,3.0,0.79,31.66
CICERO,1999-12-29 22:20:29,-62.83200,48.87970,3.0,0.75,31.66
CICERO,1999-12-29 22:30:29,-62.88330,48.90170,3.0,0.49,31.76
CICERO,1999-12-29 22:40:29,-62.93300,48.92620,3.0,0.68,31.64
CICERO,1999-12-29 22:50:29,-62.98280,48.95070,3.0,0.78,31.66
CICERO,1999-12-29 23:00:29,-63.03300,48.97400,3.0,0.96,31.68
CICERO,1999-12-29 23:10:29,-63.08630,48.99630,3.0,0.41,31.93
CICERO,1999-12-29 23:20:29,-63.13820,49.01780,3.0,0.29,31.97
CICERO,1999-12-29 23:30:29,-63.18970,49.03970,3.0,0.37,31.99
CICERO,1999-12-29 23:40:29,-63.24130,49.06070,3.0,0.34,31.98
CICERO,1999-12-29 23:50:29,-63.29420,49.07950,3.0,0.28,31.69
CICERO,1999-12-30 00:00:30,-63.34430,49.10050,3.0,0.61,31.50
CICERO,1999-12-30 00:10:30,-63.39420,49.12180,3.0,0.82,31.46
CICERO,1999-12-30 00:20:30,-63.44550,49.14380,3.0,0.80,31.45
CICERO,1999-12-30 00:30:30,-63.49600,49.16580,3.0,0.70,31.43
CICERO,1999-12-30 00:40:30,-63.54820,49.18730,3.0,0.32,31.45
CICERO,1999-12-30 00:50:30,-63.59980,49.20830,3.0,0.15,31.80
CICERO,1999-12-30 01:00:30,-63.65120,49.22820,3.0,0.12,31.86
CICERO,1999-12-30 01:10:30,-63.70220,49.24700,3.0,0.15,31.92
CICERO,1999-12-30 01:20:30,-63.75400,49.26600,3.0,0.09,31.84
CICERO,1999-12-30 01:30:30,-63.80830,49.28150,3.0,0.07,31.79
CICERO,1999-12-30 01:40:30,-63.86400,49.29700,3.0,0.05,31.75
CICERO,1999-12-30 01:50:30,-63.92080,49.31300,3.0,0.13,31.68
CICERO,1999-12-30 02:00:30,-63.97800,49.32930,3.0,0.11,31.64
CICERO,1999-12-30 02:10:30,-64.03530,49.34450,3.0,0.19,31.64
CICERO,1999-12-30 02:20:30,-64.09170,49.36020,3.0,0.19,31.65
CICERO,1999-12-30 02:30:30,-64.15120,49.36570,3.0,0.09,31.59
CICERO,1999-12-30 02:40:30,-64.21050,49.36980,3.0,0.20,31.44
CICERO,1999-12-30 02:50:30,-64.26950,49.37350,3.0,0.18,31.33
CICERO,1999-12-30 03:00:30,-64.32930,49.37750,3.0,0.19,31.43
CICERO,1999-12-30 03:10:30,-64.39050,49.38080,3.0,0.03,31.37
CICERO,1999-12-30 03:20:30,-64.45220,49.38400,3.0,0.36,31.39
CICERO,1999-12-30 03:30:30,-64.51420,49.38720,3.0,0.32,31.66
CICERO,1999-12-30 03:40:30,-64.57530,49.39020,3.0,0.27,31.65
CICERO,1999-12-30 03:50:30,-64.63450,49.39230,3.0,0.11,31.67
CICERO,1999-12-30 04:00:30,-64.69170,49.39370,3.0,0.12,31.63
CICERO,1999-12-30 04:10:30,-64.74800,49.39700,3.0,0.20,31.46
CICERO,1999-12-30 04:20:30,-64.80430,49.40170,3.0,0.45,31.42
CICERO,1999-12-30 04:30:30,-64.86130,49.40650,3.0,0.41,31.29
CICERO,1999-12-30 04:40:30,-64.91930,49.41230,3.0,0.34,31.18
CICERO,1999-12-30 04:50:30,-64.97970,49.41750,3.0,0.23,31.15
CICERO,1999-12-30 05:00:30,-65.04150,49.42070,3.0,0.23,31.11
CICERO,1999-12-30 05:10:30,-65.10280,49.42320,3.0,0.09,31.01
CICERO,1999-12-30 05:20:30,-65.16420,49.42570,3.0,0.28,31.14
CICERO,1999-12-30 05:30:30,-65.22530,49.42730,3.0,-0.04,31.65
CICERO,1999-12-30 05:40:31,-65.28700,49.43020,3.0,0.01,31.62
CICERO,1999-12-30 05:50:31,-65.34900,49.43380,3.0,0.29,31.59
CICERO,1999-12-30 06:00:31,-65.41130,49.43620,3.0,0.42,31.58
CICERO,1999-12-30 06:10:31,-65.47430,49.43930,3.0,0.55,31.49
CICERO,1999-12-30 06:20:31,-65.53800,49.44330,3.0,0.39,31.45
CICERO,1999-12-30 06:30:31,-65.60220,49.44730,3.0,0.27,31.46
CICERO,1999-12-30 06:40:31,-65.66630,49.45100,3.0,-0.01,31.48
CICERO,1999-12-30 06:50:31,-65.73180,49.45470,3.0,-0.00,31.47
CICERO,1999-12-30 07:00:31,-65.79700,49.45830,3.0,-0.07,31.52
CICERO,1999-12-30 07:10:31,-65.86150,49.45620,3.0,-0.05,31.53
CICERO,1999-12-30 07:20:31,-65.92620,49.44580,3.0,0.00,31.51
CICERO,1999-12-30 07:30:31,-65.99150,49.43550,3.0,-0.07,31.52
CICERO,1999-12-30 07:40:31,-66.05850,49.42480,3.0,-0.05,31.51
CICERO,1999-12-30 07:50:31,-66.12570,49.41400,3.0,-0.04,31.50
CICERO,1999-12-30 08:00:31,-66.19380,49.40420,3.0,-0.04,31.47
CICERO,1999-12-30 08:10:31,-66.26220,49.39430,3.0,-0.01,31.41
CICERO,1999-12-30 08:20:31,-66.33130,49.38400,3.0,0.06,31.39
CICERO,1999-12-30 08:30:31,-66.40080,49.37380,3.0,0.07,31.35
CICERO,1999-12-30 08:40:31,-66.47080,49.36270,3.0,0.11,31.33
CICERO,1999-12-30 08:50:31,-66.54170,49.35300,3.0,-0.04,30.46
CICERO,1999-12-30 09:00:31,-66.61300,49.34570,3.0,-0.75,29.90
CICERO,1999-12-30 09:10:31,-66.68250,49.34170,3.0,-0.56,29.16
CICERO,1999-12-30 09:20:31,-66.75300,49.34050,3.0,-0.70,28.94
CICERO,1999-12-30 09:30:31,-66.82500,49.33920,3.0,-0.74,28.92
CICERO,1999-12-30 09:40:31,-66.89800,49.33350,3.0,-0.79,28.92
CICERO,1999-12-30 09:50:31,-66.97130,49.32470,3.0,-0.83,28.92
CICERO,1999-12-30 10:00:31,-67.04280,49.31050,3.0,-0.93,28.89
CICERO,1999-12-30 10:10:31,-67.11350,49.29280,3.0,-1.02,29.24
CICERO,1999-12-30 10:20:31,-67.18300,49.27130,3.0,-0.97,29.50
CICERO,1999-12-30 10:30:31,-67.25350,49.25020,3.0,-1.15,28.65
CICERO,1999-12-30 10:40:31,-67.32230,49.22950,3.0,-0.93,29.46
CICERO,1999-12-30 10:50:31,-67.38280,49.20600,3.0,-0.31,30.22
CICERO,1999-12-30 11:00:31,-67.44330,49.18320,3.0,-0.78,29.10
CICERO,1999-12-30 11:10:32,-67.50580,49.16130,3.0,-0.86,28.92
CICERO,1999-12-30 11:20:32,-67.56780,49.13720,3.0,-0.94,28.83
CICERO,1999-12-30 11:30:32,-67.63030,49.11250,3.0,-1.00,28.82
CICERO,1999-12-30 11:40:32,-67.69320,49.08650,3.0,-1.01,28.87
CICERO,1999-12-30 11:50:32,-67.75550,49.06100,3.0,-1.07,28.85
CICERO,1999-12-30 12:00:32,-67.81600,49.03470,3.0,-0.71,28.93
CICERO,1999-12-30 12:10:32,-67.87580,49.00800,3.0,-0.84,29.40
CICERO,1999-12-30 12:20:32,-67.93600,48.98070,3.0,-0.67,29.19
CICERO,1999-12-30 12:30:32,-67.99200,48.95270,3.0,-0.20,29.86
CICERO,1999-12-30 12:40:32,-68.05070,48.92700,3.0,-0.38,29.55
CICERO,1999-12-30 12:50:32,-68.11170,48.90180,3.0,-0.54,29.27
CICERO,1999-12-30 13:00:32,-68.17380,48.87830,3.0,-0.48,29.32
CICERO,1999-12-30 13:10:32,-68.23470,48.85350,3.0,-0.41,29.43
CICERO,1999-12-30 13:20:32,-68.29700,48.82880,3.0,-0.68,29.05
CICERO,1999-12-30 13:30:32,-68.36080,48.80430,3.0,-0.33,29.46
CICERO,1999-12-30 13:40:32,-68.42000,48.77520,3.0,-0.16,30.10
CICERO,1999-12-30 13:50:32,-68.47650,48.74600,3.0,-0.17,29.67
CICERO,1999-12-30 14:00:32,-68.53430,48.71780,3.0,0.26,30.38
CICERO,1999-12-30 14:10:32,-68.59270,48.69220,3.0,0.11,29.61
CICERO,1999-12-30 14:20:32,-68.65330,48.66820,3.0,0.01,29.37
CICERO,1999-12-30 14:30:32,-68.71720,48.64600,3.0,0.07,29.34
CICERO,1999-12-30 14:40:32,-68.78080,48.62180,3.0,0.41,30.42
CICERO,1999-12-30 14:50:32,-68.83920,48.59300,3.0,0.44,30.86
CICERO,1999-12-30 15:00:32,-68.89400,48.56420,3.0,0.50,31.11
CICERO,1999-12-30 15:10:32,-68.95150,48.53670,3.0,0.55,30.88
CICERO,1999-12-30 15:20:32,-69.01150,48.51070,3.0,0.67,30.78
CICERO,1999-12-30 15:30:32,-69.07020,48.48480,3.0,0.57,30.46
CICERO,1999-12-30 15:40:32,-69.12480,48.45550,3.0,0.51,30.71
CICERO,1999-12-30 15:50:32,-69.17780,48.42450,3.0,0.55,31.03
CICERO,1999-12-30 16:00:32,-69.23380,48.39330,3.0,0.67,30.89
CICERO,1999-12-30 16:10:32,-69.29170,48.36150,3.0,0.73,31.00
CICERO,1999-12-30 16:20:32,-69.35250,48.33480,3.0,0.63,31.01
CICERO,1999-12-30 16:30:32,-69.39400,48.31500,3.0,0.50,31.04
CICERO,1999-12-30 16:40:33,-69.42920,48.27980,3.0,0.61,31.28
CICERO,1999-12-30 16:50:33,-69.47180,48.24020,3.0,0.82,31.59
CICERO,1999-12-30 17:00:33,-69.51320,48.20120,3.0,0.85,31.84
CICERO,1999-12-30 17:10:33,-69.55100,48.16150,3.0,0.79,31.69
CICERO,1999-12-30 17:20:33,-69.58400,48.12150,3.0,0.96,31.30
CICERO,1999-12-30 17:30:33,-69.61180,48.08500,3.0,0.25,27.61
CICERO,1999-12-30 17:40:33,-69.64250,48.05230,3.0,0.53,28.27
CICERO,1999-12-30 17:50:33,-69.67430,48.01500,3.0,0.18,27.00
CICERO,1999-12-30 18:00:33,-69.70880,47.97630,3.0,-0.41,25.17
CICERO,1999-12-30 18:10:33,-69.74730,47.94580,3.0,-0.64,23.14
CICERO,1999-12-30 18:20:33,-69.78350,47.91330,3.0,-0.31,24.27
CICERO,1999-12-30 18:30:33,-69.81520,47.87750,3.0,-0.16,24.59
CICERO,1999-12-30 18:40:33,-69.84300,47.83970,3.0,-0.57,22.79
CICERO,1999-12-30 18:50:33,-69.86880,47.80200,3.0,-0.33,22.65
CICERO,1999-12-30 19:00:33,-69.89180,47.76330,3.0,-0.29,23.14
CICERO,1999-12-30 19:10:33,-69.92920,47.72850,3.0,-0.83,20.08
CICERO,1999-12-30 19:20:33,-69.97120,47.69420,3.0,-0.57,21.66
CICERO,1999-12-30 19:30:33,-70.01020,47.65900,3.0,-0.52,22.45
CICERO,1999-12-30 19:40:33,-70.04630,47.62380,3.0,0.07,24.18
CICERO,1999-12-30 19:50:33,-70.08050,47.59000,3.0,0.02,23.61
CICERO,1999-12-30 20:00:33,-70.11570,47.55630,3.0,0.23,24.02
CICERO,1999-12-30 20:10:33,-70.15350,47.52280,3.0,0.03,23.15
CICERO,1999-12-30 20:20:33,-70.19680,47.49380,3.0,-0.09,20.32
CICERO,1999-12-30 20:30:33,-70.24970,47.47150,3.0,-0.19,19.96
CICERO,1999-12-30 20:40:33,-70.30070,47.45520,3.0,0.01,23.17
CICERO,1999-12-30 20:50:33,-70.34820,47.44430,3.0,-0.22,20.43
CICERO,1999-12-30 21:00:33,-70.39420,47.43320,3.0,-0.42,15.06
CICERO,1999-12-30 21:10:33,-70.43650,47.41470,3.0,-0.35,14.64
CICERO,1999-12-30 21:20:33,-70.46250,47.38670,3.0,-0.44,10.19
CICERO,1999-12-30 21:30:33,-70.48270,47.35700,3.0,-0.47,10.89
CICERO,1999-12-30 21:40:33,-70.50270,47.32600,3.0,-0.41,14.95
CICERO,1999-12-30 21:50:33,-70.52400,47.29300,3.0,-0.40,13.19
CICERO,1999-12-30 22:00:33,-70.55300,47.25830,3.0,-0.46,10.19
CICERO,1999-12-30 22:10:33,-70.58750,47.22650,3.0,-0.35,8.07
CICERO,1999-12-30 22:20:34,-70.62100,47.19530,3.0,-0.45,9.71
CICERO,1999-12-30 22:30:34,-70.65500,47.16330,3.0,-0.39,8.53
CICERO,1999-12-30 22:40:34,-70.68680,47.12970,3.0,-0.26,5.41
CICERO,1999-12-30 22:50:34,-70.71420,47.09680,3.0,-0.11,2.15
CICERO,1999-12-30 23:00:34,-70.73650,47.06230,3.0,-0.04,0.58
CICERO,1999-12-30 23:10:34,-70.76820,47.03000,3.0,-0.01,0.12
CICERO,1999-12-30 23:20:34,-70.80020,46.99680,3.0,-0.00,0.11
CICERO,1999-12-30 23:30:34,-70.83150,46.96320,3.0,-0.00,0.11
CICERO,1999-12-30 23:40:34,-70.86470,46.92920,3.0,-0.00,0.11
CICERO,1999-12-30 23:50:34,-70.90770,46.90130,3.0,-0.01,0.11
CICERO,1999-12-31 00:00:34,-70.95230,46.87820,3.0,-0.01,0.11
CICERO,1999-12-31 00:10:34,-70.99730,46.85620,3.0,0.00,0.11
CICERO,1999-12-31 00:20:34,-71.04870,46.84700,3.0,0.01,0.11
CICERO,1999-12-31 00:30:34,-71.10250,46.84200,3.0,0.00,0.11
CICERO,1999-12-31 00:40:34,-71.15320,46.84170,3.0,0.00,0.11
CICERO,1999-12-31 00:50:34,-71.18780,46.82770,3.0,0.02,0.11
CICERO,1999-12-31 01:00:34,-71.19330,46.81820,3.0,0.03,0.11
CICERO,1999-12-31 01:10:34,-71.22580,46.78000,3.0,0.02,0.10
CICERO,1999-12-31 01:20:34,-71.26400,46.75570,3.0,0.02,0.11
CICERO,1999-12-31 01:30:34,-71.30520,46.74170,3.0,0.02,0.11
CICERO,1999-12-31 01:40:34,-71.35150,46.73120,3.0,0.02,0.11
CICERO,1999-12-31 01:50:34,-71.40430,46.71830,3.0,0.02,0.10
CICERO,1999-12-31 02:00:34,-71.45730,46.71030,3.0,0.02,0.12
CICERO,1999-12-31 02:10:34,-71.51020,46.70120,3.0,0.02,0.11
CICERO,1999-12-31 02:20:34,-71.55770,46.68200,3.0,0.01,0.12
CICERO,1999-12-31 02:30:34,-71.60800,46.66750,3.0,0.02,0.11
CICERO,1999-12-31 02:40:34,-71.65700,46.64930,3.0,0.02,0.11
CICERO,1999-12-31 02:50:34,-71.70980,46.63830,3.0,0.02,0.11
CICERO,1999-12-31 03:00:34,-71.76230,46.64980,3.0,0.02,0.12
CICERO,1999-12-31 03:10:34,-71.81220,46.66750,3.0,0.02,0.11
CICERO,1999-12-31 03:20:34,-71.86430,46.68050,3.0,0.02,0.11
CICERO,1999-12-31 03:30:34,-71.89920,46.65450,3.0,0.02,0.10
CICERO,1999-12-31 03:40:34,-71.93000,46.63220,3.0,0.02,0.11
CICERO,1999-12-31 03:50:35,-71.96650,46.61400,3.0,0.02,0.11
CICERO,1999-12-31 04:00:35,-72.00700,46.58930,3.0,0.02,0.11
CICERO,1999-12-31 04:10:35,-72.04950,46.57170,3.0,0.02,0.11
CICERO,1999-12-31 04:20:35,-72.09230,46.56480,3.0,0.02,0.10
CICERO,1999-12-31 04:30:35,-72.13380,46.55950,3.0,0.03,0.11
CICERO,1999-12-31 04:40:35,-72.17030,46.53830,3.0,0.03,0.12
CICERO,1999-12-31 04:50:35,-72.21230,46.51980,3.0,0.03,0.12
CICERO,1999-12-31 05:00:35,-72.23650,46.48700,3.0,0.04,0.12
CICERO,1999-12-31 05:10:35,-72.25980,46.45180,3.0,0.04,0.12
CICERO,1999-12-31 05:20:35,-72.30620,46.43870,3.0,0.06,0.11
CICERO,1999-12-31 05:30:35,-72.35530,46.43080,3.0,0.09,0.11
CICERO,1999-12-31 05:40:35,-72.39470,46.40470,3.0,0.12,0.11
CICERO,1999-12-31 05:50:35,-72.43870,46.38150,3.0,0.15,0.12
CICERO,1999-12-31 06:00:35,-72.48920,46.36780,3.0,0.21,0.13
CICERO,1999-12-31 06:10:35,-72.52370,46.34300,3.0,0.26,0.12
CICERO,1999-12-31 06:20:35,-72.53880,46.33500,3.0,0.25,0.13
CICERO,1999-12-31 06:30:35,-72.54020,46.33380,3.0,0.11,0.12
CICERO,1999-12-31 06:40:35,-72.54930,46.32020,3.0,0.09,0.11
CICERO,1999-12-31 06:50:35,-72.57850,46.29770,3.0,0.11,0.12
CICERO,1999-12-31 07:00:35,-72.60530,46.28280,3.0,0.15,0.11
CICERO,1999-12-31 07:10:35,-72.63230,46.26850,3.0,0.16,0.13
CICERO,1999-12-31 07:20:35,-72.66430,46.26300,3.0,0.16,0.13
CICERO,1999-12-31 07:30:35,-72.70120,46.26300,3.0,0.15,0.11
CICERO,1999-12-31 07:40:35,-72.73450,46.24930,3.0,0.14,0.10
CICERO,1999-12-31 07:50:35,-72.76620,46.23500,3.0,0.09,0.12
CICERO,1999-12-31 08:00:35,-72.79750,46.22050,3.0,0.12,0.12
CICERO,1999-12-31 08:10:35,-72.83020,46.20820,3.0,0.14,0.12
CICERO,1999-12-31 08:20:35,-72.86430,46.19930,3.0,0.17,0.12
CICERO,1999-12-31 08:30:35,-72.89730,46.18980,3.0,0.18,0.12
CICERO,1999-12-31 08:40:35,-72.92480,46.17350,3.0,0.18,0.12
CICERO,1999-12-31 08:50:35,-72.94700,46.15430,3.0,0.16,0.12
CICERO,1999-12-31 09:00:35,-72.95550,46.13170,3.0,0.14,0.13
CICERO,1999-12-31 09:10:35,-72.97120,46.10830,3.0,0.16,0.11
CICERO,1999-12-31 09:20:36,-73.00900,46.08480,3.0,0.22,0.13
CICERO,1999-12-31 09:30:36,-73.05520,46.06370,3.0,0.21,0.13
CICERO,1999-12-31 09:40:36,-73.10900,46.05630,3.0,0.21,0.12
CICERO,1999-12-31 09:50:36,-73.14830,46.04750,3.0,0.23,0.13
CICERO,1999-12-31 10:00:36,-73.17280,46.01620,3.0,0.25,0.13
CICERO,1999-12-31 10:10:36,-73.18950,45.97770,3.0,0.23,0.11
CICERO,1999-12-31 10:20:36,-73.21230,45.94280,3.0,0.27,0.13
CICERO,1999-12-31 10:30:36,-73.21730,45.90670,3.0,0.22,0.13
CICERO,1999-12-31 10:40:36,-73.24870,45.87950,3.0,0.19,0.13
CICERO,1999-12-31 10:50:36,-73.27520,45.84670,3.0,0.18,0.13
CICERO,1999-12-31 11:00:36,-73.30950,45.81770,3.0,0.19,0.13
CICERO,1999-12-31 11:10:36,-73.34370,45.78970,3.0,0.19,0.13
CICERO,1999-12-31 11:20:36,-73.38100,45.76550,3.0,0.20,0.13
CICERO,1999-12-31 11:30:36,-73.41300,45.73720,3.0,0.19,0.13
CICERO,1999-12-31 11:40:36,-73.43950,45.70650,3.0,0.21,0.12
CICERO,1999-12-31 11:50:36,-73.45750,45.67250,3.0,0.19,0.13
CICERO,1999-12-31 12:00:36,-73.48070,45.64270,3.0,0.20,0.13
CICERO,1999-12-31 12:10:36,-73.49070,45.62830,3.0,0.18,0.12
CICERO,1999-12-31 12:20:36,-73.49870,45.61800,3.0,0.13,0.12
